Obs,Brand,Price_BC,Price_Pills,Price_DH,Price_PL
1,Private Label,2.14,2.07,1.68,1.23
2,Betty Crocker,2.07,1.90,1.66,1.30
3,Pillsbury,2.01,1.62,1.31,1.24
4,Duncan Hines,2.08,1.69,1.50,1.24
5,Betty Crocker,1.92,1.83,1.31,1.22
6,Betty Crocker,2.00,1.83,1.31,1.21
7,Duncan Hines,2.00,1.83,1.31,1.21
8,Duncan Hines,1.93,1.58,1.31,1.24
9,Duncan Hines,2.06,1.62,1.31,1.24
10,Duncan Hines,2.06,1.79,1.06,1.24
11,Duncan Hines,1.94,1.77,1.06,1.22
12,Duncan Hines,1.62,1.69,1.30,1.10
13,Duncan Hines,1.86,1.90,1.50,1.24
14,Duncan Hines,2.19,2.07,1.68,1.25
15,Duncan Hines,2.23,2.07,1.68,1.26
16,Duncan Hines,2.25,2.05,1.57,1.23
17,Duncan Hines,2.26,2.05,1.57,1.27
18,Duncan Hines,2.28,1.67,1.50,1.10
19,Betty Crocker,1.84,1.83,1.48,1.24
20,Pillsbury,1.98,1.67,1.50,1.23
21,Private Label,2.19,2.07,1.68,1.23
22,Duncan Hines,2.07,1.82,1.50,1.30
23,Duncan Hines,2.07,1.82,1.50,1.30
24,Duncan Hines,1.86,1.90,1.50,1.24
25,Duncan Hines,2.06,1.64,1.50,1.30
26,Betty Crocker,1.86,1.68,1.31,1.05
27,Private Label,2.01,1.62,1.31,1.24
28,Betty Crocker,1.84,1.83,1.48,1.24
29,Pillsbury,1.98,1.67,1.50,1.23
30,Duncan Hines,2.07,1.82,1.50,1.30
31,Private Label,2.06,1.84,1.43,1.24
32,Duncan Hines,1.70,1.69,1.47,1.10
33,Duncan Hines,2.06,1.79,1.06,1.24
34,Betty Crocker,1.53,1.69,1.47,1.10
35,Duncan Hines,1.86,1.90,1.50,1.24
36,Private Label,1.95,1.76,1.50,1.24
37,Duncan Hines,2.28,1.67,1.50,1.10
38,Duncan Hines,1.98,1.67,1.50,1.10
39,Betty Crocker,1.92,1.83,1.31,1.22
40,Duncan Hines,1.94,1.77,1.06,1.22
41,Pillsbury,1.98,1.67,1.50,1.23
42,Duncan Hines,2.06,1.64,1.50,1.30
43,Pillsbury,1.86,1.90,1.50,1.24
44,Betty Crocker,1.86,1.68,1.31,1.05
45,Duncan Hines,1.94,1.77,1.06,1.22
46,Betty Crocker,1.51,1.69,1.45,1.22
47,Duncan Hines,2.23,1.86,1.68,1.27
48,Betty Crocker,1.92,1.83,1.31,1.21
49,Duncan Hines,1.93,1.72,1.50,1.24
50,Duncan Hines,2.06,1.79,1.06,1.24
51,Betty Crocker,1.86,1.90,1.50,1.24
52,Duncan Hines,2.01,1.73,1.50,1.23
53,Duncan Hines,2.13,2.02,1.68,1.23
54,Betty Crocker,2.19,2.07,1.68,1.26
55,Private Label,2.06,1.83,1.31,1.05
56,Private Label,2.06,1.79,1.38,1.24
57,Private Label,1.84,1.83,1.48,1.24
58,Private Label,1.75,1.69,1.45,1.24
59,Private Label,1.81,2.07,1.68,1.25
60,Pillsbury,1.92,1.83,1.31,1.22
61,Duncan Hines,2.01,1.62,1.31,1.24
62,Duncan Hines,2.01,1.72,1.50,1.24
63,Betty Crocker,2.04,1.72,1.50,1.24
64,Duncan Hines,2.04,1.79,1.50,1.07
65,Duncan Hines,2.06,1.79,1.06,1.24
66,Pillsbury,2.06,1.84,1.49,1.24
67,Pillsbury,1.94,1.75,1.50,1.24
68,Pillsbury,1.75,1.69,1.45,1.24
69,Duncan Hines,1.86,1.90,1.50,1.24
70,Betty Crocker,1.81,2.07,1.68,1.25
71,Pillsbury,2.28,1.67,1.50,1.10
72,Betty Crocker,2.06,1.83,1.31,1.05
73,Betty Crocker,1.53,1.69,1.47,1.10
74,Betty Crocker,2.08,1.69,1.50,1.24
75,Betty Crocker,2.01,1.69,1.50,1.24
76,Betty Crocker,2.06,1.84,1.49,1.24
77,Duncan Hines,2.08,1.69,1.50,1.24
78,Duncan Hines,2.03,1.69,1.50,1.24
79,Pillsbury,2.08,1.81,1.50,1.06
80,Betty Crocker,1.95,1.78,1.50,1.24
81,Private Label,1.98,1.66,1.50,1.23
82,Pillsbury,2.23,2.07,1.68,1.27
83,Pillsbury,2.06,1.83,1.31,1.05
84,Betty Crocker,2.06,1.84,1.43,1.24
85,Pillsbury,1.51,1.69,1.45,1.22
86,Private Label,1.95,1.81,1.50,1.05
87,Private Label,2.12,1.88,1.62,1.05
88,Betty Crocker,2.05,1.79,1.50,1.07
89,Betty Crocker,2.01,1.69,1.29,1.10
90,Duncan Hines,2.06,1.84,1.43,1.24
91,Duncan Hines,2.19,2.07,1.68,1.25
92,Betty Crocker,2.23,2.04,1.68,1.24
93,Pillsbury,2.06,1.64,1.50,1.30
94,Betty Crocker,1.93,1.58,1.31,1.24
95,Betty Crocker,2.06,1.62,1.31,1.24
96,Private Label,2.06,1.79,1.06,1.05
97,Betty Crocker,2.06,1.84,1.49,1.24
98,Betty Crocker,2.06,1.84,1.49,1.24
99,Betty Crocker,2.06,1.84,1.49,1.24
100,Betty Crocker,1.94,1.84,1.50,1.24
101,Betty Crocker,2.03,1.69,1.50,1.24
102,Betty Crocker,1.95,1.76,1.50,1.24
103,Duncan Hines,1.98,1.67,1.50,1.23
104,Betty Crocker,2.23,2.07,1.68,1.26
105,Private Label,1.92,1.83,1.31,1.22
106,Betty Crocker,2.04,1.62,1.31,1.24
107,Betty Crocker,1.53,1.69,1.47,1.10
108,Duncan Hines,2.12,1.88,1.62,1.24
109,Duncan Hines,2.27,2.07,1.50,1.10
110,Duncan Hines,1.92,1.83,1.31,1.21
111,Duncan Hines,1.93,1.58,1.31,1.24
112,Pillsbury,1.93,1.72,1.50,1.24
113,Betty Crocker,2.06,1.84,1.43,1.24
114,Duncan Hines,2.06,1.84,1.49,1.24
115,Pillsbury,1.94,1.77,1.06,1.22
116,Duncan Hines,2.03,1.69,1.50,1.24
117,Duncan Hines,2.03,1.68,1.50,1.24
118,Duncan Hines,2.19,2.07,1.68,1.25
119,Duncan Hines,2.08,1.90,1.50,1.24
120,Duncan Hines,2.14,2.07,1.68,1.23
121,Duncan Hines,1.75,1.69,1.28,1.06
122,Duncan Hines,2.01,1.69,1.50,1.24
123,Duncan Hines,2.03,1.69,1.50,1.24
124,Duncan Hines,2.08,1.69,1.50,1.24
125,Duncan Hines,2.25,2.05,1.58,1.23
126,Duncan Hines,2.06,1.64,1.50,1.30
127,Betty Crocker,1.86,1.68,1.31,1.05
128,Pillsbury,1.93,1.58,1.31,1.24
129,Duncan Hines,1.93,1.68,1.31,1.24
130,Duncan Hines,2.06,1.79,1.06,1.24
131,Duncan Hines,2.08,1.78,1.50,1.24
132,Private Label,2.06,1.84,1.49,1.05
133,Betty Crocker,2.03,1.68,1.50,1.24
134,Pillsbury,2.07,1.90,1.66,1.30
135,Betty Crocker,1.86,1.68,1.31,1.05
136,Pillsbury,2.02,1.67,1.16,1.22
137,Betty Crocker,2.03,1.69,1.50,1.24
138,Betty Crocker,1.81,2.07,1.68,1.25
139,Pillsbury,2.19,2.07,1.68,1.25
140,Pillsbury,2.26,2.05,1.57,1.23
141,Pillsbury,2.28,1.57,1.50,1.10
142,Pillsbury,2.06,1.82,1.50,1.30
143,Betty Crocker,2.07,1.90,1.66,1.30
144,Betty Crocker,1.93,1.72,1.50,1.24
145,Betty Crocker,2.04,1.79,1.50,1.07
146,Betty Crocker,1.51,1.69,1.45,1.22
147,Betty Crocker,1.62,1.69,1.30,1.10
148,Pillsbury,1.95,1.78,1.50,1.24
149,Betty Crocker,1.98,1.66,1.50,1.23
150,Duncan Hines,2.06,1.79,1.06,1.24
151,Pillsbury,1.94,1.75,1.50,1.24
152,Betty Crocker,1.95,1.77,1.50,1.24
153,Betty Crocker,2.06,1.64,1.50,1.30
154,Betty Crocker,1.92,1.83,1.31,1.21
155,Betty Crocker,1.86,1.68,1.31,1.05
156,Betty Crocker,2.06,1.62,1.31,1.24
157,Betty Crocker,1.84,1.83,1.48,1.24
158,Betty Crocker,2.04,1.72,1.50,1.24
159,Betty Crocker,2.06,1.84,1.43,1.24
160,Private Label,2.06,1.84,1.49,1.05
161,Betty Crocker,1.95,1.84,1.49,1.24
162,Betty Crocker,1.53,1.69,1.47,1.10
163,Betty Crocker,1.75,1.69,1.28,1.06
164,Betty Crocker,2.03,1.75,1.50,1.24
165,Betty Crocker,2.19,2.07,1.68,1.25
166,Betty Crocker,1.93,1.68,1.31,1.24
167,Betty Crocker,2.25,2.05,1.57,1.23
168,Betty Crocker,1.84,1.83,1.48,1.24
169,Betty Crocker,2.06,1.82,1.50,1.30
170,Betty Crocker,1.86,1.68,1.31,1.05
171,Private Label,2.01,1.62,1.31,1.24
172,Private Label,2.06,1.79,1.38,1.24
173,Betty Crocker,1.93,1.72,1.50,1.24
174,Private Label,1.93,1.72,1.50,1.24
175,Private Label,2.06,1.84,1.43,1.05
176,Private Label,1.94,1.77,1.06,1.22
177,Betty Crocker,1.74,1.69,1.47,1.24
178,Private Label,1.75,1.69,1.45,1.05
179,Betty Crocker,2.01,1.69,1.50,1.24
180,Private Label,2.08,1.90,1.50,1.06
181,Betty Crocker,1.86,1.90,1.50,1.24
182,Betty Crocker,1.95,1.76,1.50,1.24
183,Private Label,2.04,1.73,1.50,1.05
184,Betty Crocker,1.81,2.07,1.68,1.25
185,Pillsbury,2.23,2.07,1.68,1.26
186,Pillsbury,2.23,1.51,1.68,1.27
187,Private Label,1.98,1.67,1.50,1.10
188,Betty Crocker,1.86,1.68,1.31,1.05
189,Betty Crocker,1.70,1.69,1.47,1.10
190,Betty Crocker,1.93,1.58,1.31,1.24
191,Pillsbury,1.98,1.67,1.50,1.23
192,Pillsbury,2.06,1.83,1.31,1.23
193,Duncan Hines,2.06,1.62,1.31,1.24
194,Private Label,2.00,1.83,1.31,1.21
195,Betty Crocker,1.86,1.68,1.31,1.05
196,Pillsbury,1.93,1.58,1.31,1.24
197,Duncan Hines,2.06,1.79,1.06,1.24
198,Duncan Hines,2.04,1.69,1.16,1.22
199,Private Label,2.04,1.69,1.16,1.22
200,Pillsbury,2.06,1.83,1.31,1.23
201,Pillsbury,1.75,1.69,1.28,1.06
202,Private Label,2.04,1.79,1.50,1.07
203,Betty Crocker,1.51,1.69,1.45,1.22
204,Betty Crocker,1.81,2.07,1.68,1.25
205,Duncan Hines,2.02,1.67,1.16,1.22
206,Pillsbury,2.01,1.73,1.50,1.23
207,Pillsbury,2.06,1.62,1.31,1.24
208,Private Label,2.00,1.83,1.31,1.21
209,Pillsbury,2.04,1.69,1.16,1.22
210,Private Label,2.01,1.62,1.31,1.24
211,Private Label,2.06,1.84,1.49,1.05
212,Private Label,2.08,1.69,1.50,1.05
213,Private Label,2.23,1.51,1.68,1.26
214,Private Label,2.28,1.67,1.50,1.10
215,Private Label,2.07,1.90,1.66,1.26
216,Pillsbury,2.23,1.51,1.68,1.27
217,Betty Crocker,1.98,1.67,1.50,1.10
218,Betty Crocker,1.86,1.68,1.31,1.05
219,Pillsbury,2.06,1.83,1.31,1.23
220,Pillsbury,2.06,1.84,1.49,1.24
221,Duncan Hines,2.08,1.88,1.50,1.06
222,Duncan Hines,2.08,1.90,1.50,1.24
223,Duncan Hines,1.95,1.81,1.50,1.24
224,Duncan Hines,1.98,1.66,1.50,1.23
225,Pillsbury,2.12,1.88,1.62,1.24
226,Pillsbury,2.27,2.07,1.50,1.10
227,Duncan Hines,2.28,1.67,1.50,1.10
228,Pillsbury,2.06,1.82,1.50,1.30
229,Pillsbury,2.07,1.90,1.66,1.30
230,Duncan Hines,1.74,1.69,1.47,1.24
231,Betty Crocker,2.03,1.75,1.50,1.24
232,Pillsbury,1.98,1.67,1.50,1.23
233,Duncan Hines,1.93,1.72,1.50,1.24
234,Duncan Hines,2.02,1.67,1.16,1.22
235,Duncan Hines,2.08,1.78,1.50,1.24
236,Betty Crocker,1.92,1.83,1.31,1.22
237,Pillsbury,1.95,1.84,1.49,1.24
238,Duncan Hines,2.19,2.07,1.68,1.25
239,Pillsbury,1.94,1.75,1.50,1.24
240,Duncan Hines,2.08,1.69,1.50,1.24
241,Duncan Hines,2.01,1.62,1.31,1.24
242,Betty Crocker,1.93,1.72,1.50,1.24
243,Duncan Hines,2.08,1.90,1.50,1.24
244,Pillsbury,2.04,1.73,1.50,1.24
245,Betty Crocker,2.00,1.83,1.31,1.21
246,Private Label,2.00,1.83,1.31,1.21
247,Duncan Hines,2.06,1.83,1.31,1.23
248,Betty Crocker,2.03,1.69,1.50,1.24
249,Duncan Hines,1.93,1.72,1.50,1.24
250,Duncan Hines,1.94,1.77,1.06,1.22
251,Pillsbury,2.02,1.67,1.16,1.22
252,Duncan Hines,1.76,1.56,1.48,1.24
253,Pillsbury,2.03,1.75,1.50,1.24
254,Duncan Hines,2.08,1.88,1.50,1.06
255,Duncan Hines,1.95,1.78,1.50,1.24
256,Duncan Hines,1.95,1.78,1.50,1.24
257,Duncan Hines,2.01,1.73,1.50,1.23
258,Betty Crocker,2.07,1.90,1.66,1.30
259,Betty Crocker,2.06,1.79,1.38,1.24
260,Betty Crocker,1.94,1.75,1.50,1.24
261,Betty Crocker,1.74,1.69,1.47,1.24
262,Duncan Hines,1.95,1.77,1.50,1.24
263,Duncan Hines,2.23,2.04,1.68,1.24
264,Duncan Hines,2.25,2.05,1.58,1.23
265,Betty Crocker,1.86,1.68,1.31,1.05
266,Betty Crocker,1.84,1.83,1.48,1.24
267,Duncan Hines,2.06,1.62,1.31,1.24
268,Betty Crocker,1.62,1.69,1.30,1.10
269,Pillsbury,2.04,1.73,1.50,1.24
270,Betty Crocker,2.12,1.88,1.62,1.24
271,Pillsbury,2.14,2.07,1.68,1.23
272,Betty Crocker,2.19,2.07,1.68,1.25
273,Pillsbury,2.28,1.67,1.50,1.10
274,Betty Crocker,1.98,1.67,1.50,1.10
275,Duncan Hines,2.04,1.62,1.31,1.24
276,Duncan Hines,2.06,1.62,1.31,1.24
277,Betty Crocker,2.05,1.79,1.50,1.07
278,Duncan Hines,2.06,1.84,1.49,1.24
279,Betty Crocker,2.06,1.84,1.49,1.24
280,Betty Crocker,1.95,1.77,1.50,1.24
281,Betty Crocker,2.19,2.07,1.68,1.25
282,Betty Crocker,2.19,2.07,1.68,1.26
283,Pillsbury,2.28,1.57,1.50,1.10
284,Betty Crocker,1.93,1.58,1.31,1.24
285,Duncan Hines,1.94,1.84,1.50,1.24
286,Pillsbury,1.95,1.90,1.50,1.24
287,Duncan Hines,2.23,2.07,1.68,1.26
288,Duncan Hines,2.23,2.07,1.68,1.27
289,Duncan Hines,2.23,2.04,1.68,1.24
290,Duncan Hines,2.28,1.57,1.50,1.10
291,Duncan Hines,2.06,1.64,1.50,1.30
292,Duncan Hines,2.05,1.69,1.43,1.22
293,Duncan Hines,2.08,1.90,1.50,1.24
294,Pillsbury,2.14,2.07,1.68,1.23
295,Duncan Hines,2.19,2.07,1.68,1.25
296,Duncan Hines,2.19,2.07,1.68,1.25
297,Duncan Hines,2.06,1.66,1.31,1.24
298,Pillsbury,2.08,1.69,1.50,1.24
299,Pillsbury,1.94,1.75,1.50,1.24
300,Betty Crocker,1.51,1.69,1.45,1.22
301,Betty Crocker,1.53,1.69,1.47,1.10
302,Duncan Hines,2.03,1.69,1.50,1.24
303,Pillsbury,2.01,1.73,1.50,1.23
304,Duncan Hines,2.28,1.57,1.50,1.10
305,Betty Crocker,1.86,1.68,1.31,1.05
306,Betty Crocker,1.84,1.83,1.48,1.24
307,Betty Crocker,1.94,1.77,1.06,1.22
308,Betty Crocker,1.53,1.69,1.47,1.10
309,Pillsbury,2.23,1.51,1.68,1.27
310,Pillsbury,1.93,1.58,1.31,1.24
311,Betty Crocker,1.51,1.69,1.45,1.22
312,Betty Crocker,1.86,1.90,1.50,1.24
313,Betty Crocker,1.98,1.67,1.50,1.10
314,Pillsbury,2.00,1.83,1.31,1.21
315,Betty Crocker,2.19,2.07,1.68,1.25
316,Betty Crocker,1.74,1.69,1.47,1.24
317,Betty Crocker,1.75,1.69,1.28,1.06
318,Betty Crocker,1.92,1.83,1.31,1.22
319,Betty Crocker,1.84,1.83,1.48,1.24
320,Duncan Hines,2.06,1.79,1.06,1.24
321,Duncan Hines,1.94,1.77,1.06,1.22
322,Pillsbury,1.74,1.69,1.47,1.24
323,Betty Crocker,1.98,1.67,1.50,1.10
324,Pillsbury,1.92,1.83,1.31,1.22
325,Duncan Hines,1.86,1.68,1.31,1.05
326,Duncan Hines,2.06,1.62,1.31,1.24
327,Duncan Hines,1.93,1.72,1.50,1.24
328,Duncan Hines,2.06,1.84,1.49,1.24
329,Duncan Hines,1.70,1.69,1.47,1.10
330,Pillsbury,2.03,1.69,1.50,1.24
331,Betty Crocker,2.08,1.81,1.50,1.06
332,Duncan Hines,2.08,1.88,1.50,1.06
333,Duncan Hines,1.95,1.81,1.50,1.24
334,Pillsbury,2.06,1.84,1.49,1.24
335,Pillsbury,2.23,2.07,1.68,1.27
336,Pillsbury,2.01,1.62,1.31,1.24
337,Pillsbury,1.84,1.83,1.48,1.24
338,Pillsbury,2.01,1.72,1.50,1.24
339,Pillsbury,1.94,1.75,1.50,1.24
340,Pillsbury,2.08,1.69,1.50,1.24
341,Betty Crocker,2.12,1.88,1.62,1.24
342,Duncan Hines,1.98,1.66,1.50,1.23
343,Duncan Hines,1.98,1.67,1.50,1.23
344,Duncan Hines,1.62,1.69,1.30,1.10
345,Duncan Hines,1.75,1.69,1.28,1.06
346,Duncan Hines,2.08,1.78,1.50,1.24
347,Duncan Hines,2.08,1.78,1.50,1.24
348,Betty Crocker,1.86,1.90,1.50,1.24
349,Duncan Hines,2.06,1.84,1.49,1.24
350,Duncan Hines,2.06,1.84,1.49,1.24
351,Duncan Hines,2.08,1.69,1.50,1.24
352,Duncan Hines,1.95,1.78,1.50,1.24
353,Duncan Hines,2.19,2.07,1.68,1.25
354,Pillsbury,2.08,1.69,1.50,1.24
355,Pillsbury,2.13,2.02,1.68,1.23
356,Pillsbury,2.14,2.07,1.68,1.23
357,Pillsbury,2.26,2.07,1.57,1.28
358,Pillsbury,1.86,1.68,1.31,1.05
359,Pillsbury,1.86,1.68,1.31,1.05
360,Betty Crocker,1.93,1.68,1.31,1.24
361,Betty Crocker,1.74,1.69,1.47,1.24
362,Private Label,2.23,1.86,1.68,1.26
363,Betty Crocker,1.95,1.81,1.50,1.24
364,Duncan Hines,2.01,1.73,1.50,1.23
365,Betty Crocker,2.06,1.64,1.50,1.30
366,Betty Crocker,1.84,1.83,1.48,1.24
367,Duncan Hines,2.06,1.79,1.06,1.24
368,Duncan Hines,1.94,1.77,1.06,1.22
369,Duncan Hines,1.92,1.83,1.31,1.21
370,Duncan Hines,2.08,1.81,1.50,1.06
371,Duncan Hines,1.98,1.66,1.50,1.23
372,Betty Crocker,1.81,2.07,1.68,1.25
373,Duncan Hines,2.25,2.05,1.57,1.23
374,Duncan Hines,2.28,1.67,1.50,1.10
375,Duncan Hines,2.06,1.83,1.31,1.05
376,Betty Crocker,2.02,1.67,1.16,1.22
377,Betty Crocker,1.74,1.69,1.47,1.24
378,Pillsbury,1.75,1.69,1.28,1.06
379,Pillsbury,2.03,1.68,1.50,1.24
380,Betty Crocker,2.06,1.62,1.31,1.24
381,Duncan Hines,1.93,1.72,1.50,1.24
382,Pillsbury,2.04,1.79,1.50,1.07
383,Duncan Hines,2.06,1.84,1.35,1.24
384,Private Label,2.06,1.84,1.49,1.05
385,Pillsbury,1.94,1.84,1.50,1.24
386,Duncan Hines,2.08,1.81,1.50,1.06
387,Betty Crocker,1.81,2.07,1.68,1.25
388,Duncan Hines,2.23,2.07,1.68,1.27
389,Pillsbury,2.06,1.84,1.49,1.24
390,Betty Crocker,2.03,1.68,1.50,1.24
391,Betty Crocker,1.86,1.68,1.31,1.05
392,Betty Crocker,1.86,1.90,1.50,1.24
393,Pillsbury,2.23,1.51,1.68,1.27
394,Betty Crocker,2.05,1.79,1.50,1.07
395,Duncan Hines,2.06,1.79,1.06,1.24
396,Duncan Hines,1.94,1.84,1.50,1.24
397,Duncan Hines,2.03,1.68,1.50,1.24
398,Duncan Hines,1.92,1.83,1.31,1.21
399,Betty Crocker,1.74,1.69,1.47,1.24
400,Duncan Hines,2.19,2.07,1.68,1.25
401,Pillsbury,2.23,2.07,1.68,1.27
402,Pillsbury,2.23,2.04,1.68,1.24
403,Betty Crocker,1.86,1.68,1.31,1.05
404,Duncan Hines,2.06,1.79,1.06,1.24
405,Betty Crocker,1.75,1.69,1.45,1.24
406,Duncan Hines,2.08,1.88,1.50,1.06
407,Duncan Hines,2.08,1.90,1.50,1.06
408,Pillsbury,2.23,1.51,1.68,1.27
409,Pillsbury,2.06,1.64,1.50,1.30
410,Duncan Hines,1.93,1.68,1.31,1.24
411,Duncan Hines,1.94,1.84,1.50,1.24
412,Duncan Hines,2.04,1.69,1.16,1.22
413,Pillsbury,2.08,1.69,1.50,1.24
414,Duncan Hines,2.08,1.90,1.50,1.24
415,Betty Crocker,1.86,1.90,1.50,1.24
416,Pillsbury,1.95,1.76,1.50,1.24
417,Pillsbury,1.95,1.78,1.50,1.24
418,Pillsbury,2.23,1.51,1.68,1.27
419,Private Label,2.06,1.83,1.31,1.05
420,Private Label,1.93,1.58,1.31,1.24
421,Betty Crocker,1.84,1.83,1.48,1.24
422,Betty Crocker,1.94,1.75,1.50,1.24
423,Duncan Hines,1.94,1.77,1.06,1.22
424,Private Label,2.08,1.81,1.50,1.06
425,Private Label,1.95,1.81,1.50,1.05
426,Pillsbury,1.95,1.48,1.50,1.23
427,Pillsbury,1.98,1.67,1.50,1.23
428,Betty Crocker,2.06,1.83,1.31,1.23
429,Betty Crocker,2.01,1.62,1.31,1.24
430,Betty Crocker,1.94,1.84,1.50,1.24
431,Duncan Hines,2.08,1.90,1.50,1.06
432,Betty Crocker,1.98,1.67,1.50,1.10
433,Betty Crocker,1.84,1.83,1.48,1.24
434,Betty Crocker,1.93,1.72,1.50,1.24
435,Duncan Hines,1.75,1.69,1.45,1.24
436,Private Label,2.08,1.69,1.50,1.05
437,Private Label,2.08,1.81,1.50,1.06
438,Private Label,1.98,1.67,1.50,1.23
439,Betty Crocker,2.06,1.83,1.31,1.23
440,Private Label,2.05,1.69,1.43,1.22
441,Private Label,2.28,1.57,1.50,1.10
442,Private Label,2.06,1.82,1.50,1.26
443,Private Label,2.06,1.83,1.31,1.05
444,Duncan Hines,2.06,1.84,1.49,1.24
445,Duncan Hines,2.06,1.84,1.49,1.24
446,Private Label,2.02,1.67,1.16,1.22
447,Private Label,2.28,1.67,1.50,1.10
448,Duncan Hines,1.95,1.84,1.49,1.24
449,Betty Crocker,1.62,1.69,1.30,1.10
450,Pillsbury,2.03,1.69,1.50,1.24
451,Private Label,2.13,2.02,1.68,1.23
452,Duncan Hines,1.92,1.83,1.31,1.22
453,Betty Crocker,2.06,1.84,1.43,1.24
454,Private Label,2.06,1.84,1.49,1.05
455,Duncan Hines,2.06,1.82,1.50,1.30
456,Pillsbury,1.93,1.72,1.50,1.24
457,Betty Crocker,1.70,1.69,1.47,1.10
458,Betty Crocker,2.01,1.69,1.50,1.24
459,Pillsbury,2.23,1.51,1.68,1.27
460,Duncan Hines,1.92,1.83,1.31,1.21
461,Duncan Hines,2.06,1.84,1.49,1.24
462,Pillsbury,2.02,1.67,1.16,1.22
463,Pillsbury,2.05,1.69,1.43,1.22
464,Duncan Hines,1.74,1.69,1.47,1.24
465,Duncan Hines,2.26,2.05,1.57,1.23
466,Private Label,2.00,1.83,1.31,1.21
467,Pillsbury,2.04,1.62,1.31,1.24
468,Private Label,1.93,1.72,1.50,1.24
469,Pillsbury,2.06,1.79,1.06,1.24
470,Pillsbury,2.06,1.84,1.49,1.24
471,Private Label,1.94,1.77,1.06,1.22
472,Betty Crocker,1.94,1.77,1.06,1.22
473,Pillsbury,1.74,1.69,1.47,1.24
474,Private Label,2.01,1.69,1.29,1.10
475,Duncan Hines,1.75,1.69,1.45,1.24
476,Duncan Hines,2.03,1.75,1.50,1.24
477,Private Label,2.08,1.78,1.50,1.05
478,Duncan Hines,2.08,1.81,1.50,1.06
479,Pillsbury,2.08,1.90,1.50,1.06
480,Private Label,1.95,1.78,1.50,1.05
481,Pillsbury,1.95,1.48,1.50,1.23
482,Betty Crocker,1.98,1.67,1.50,1.23
483,Betty Crocker,2.04,1.81,1.50,1.24
484,Betty Crocker,2.06,1.64,1.50,1.30
485,Betty Crocker,2.01,1.62,1.31,1.24
486,Duncan Hines,2.08,1.69,1.50,1.24
487,Pillsbury,1.93,1.58,1.31,1.24
488,Duncan Hines,2.06,1.79,1.06,1.24
489,Duncan Hines,1.94,1.77,1.06,1.22
490,Pillsbury,1.76,1.56,1.48,1.24
491,Betty Crocker,1.81,2.07,1.68,1.25
492,Pillsbury,2.23,1.51,1.68,1.27
493,Pillsbury,2.23,1.51,1.68,1.27
494,Betty Crocker,1.98,1.67,1.50,1.10
495,Betty Crocker,1.92,1.83,1.31,1.21
496,Betty Crocker,2.06,1.83,1.31,1.23
497,Private Label,1.93,1.72,1.50,1.24
498,Betty Crocker,1.95,1.77,1.50,1.24
499,Private Label,1.94,1.75,1.50,1.05
500,Private Label,1.94,1.77,1.06,1.22
501,Private Label,1.70,1.69,1.47,1.10
502,Private Label,2.01,1.69,1.29,1.10
503,Private Label,1.76,1.56,1.48,1.05
504,Private Label,2.01,1.69,1.50,1.05
505,Duncan Hines,2.14,2.07,1.68,1.23
506,Pillsbury,1.93,1.72,1.50,1.24
507,Betty Crocker,2.04,1.72,1.50,1.24
508,Betty Crocker,1.94,1.75,1.50,1.24
509,Betty Crocker,1.51,1.69,1.45,1.22
510,Betty Crocker,1.53,1.69,1.47,1.10
511,Pillsbury,2.03,1.69,1.50,1.24
512,Betty Crocker,2.03,1.68,1.50,1.24
513,Betty Crocker,2.08,1.78,1.50,1.24
514,Pillsbury,1.86,1.90,1.50,1.24
515,Pillsbury,1.95,1.90,1.50,1.24
516,Duncan Hines,2.27,2.07,1.50,1.10
517,Duncan Hines,2.08,1.69,1.50,1.24
518,Pillsbury,2.28,1.67,1.50,1.10
519,Pillsbury,2.06,1.64,1.50,1.30
520,Pillsbury,1.74,1.69,1.47,1.24
521,Betty Crocker,2.23,2.07,1.68,1.27
522,Private Label,2.06,1.83,1.31,1.05
523,Private Label,1.93,1.72,1.50,1.24
524,Private Label,2.25,2.05,1.57,1.23
525,Betty Crocker,1.98,1.67,1.50,1.10
526,Private Label,2.06,1.84,1.49,1.05
527,Private Label,2.03,1.69,1.50,1.05
528,Betty Crocker,1.92,1.83,1.31,1.21
529,Pillsbury,1.95,1.48,1.50,1.23
530,Pillsbury,1.93,1.58,1.31,1.24
531,Duncan Hines,2.06,1.79,1.06,1.24
532,Duncan Hines,1.86,1.68,1.31,1.05
533,Duncan Hines,2.04,1.62,1.31,1.24
534,Duncan Hines,1.84,1.83,1.48,1.24
535,Duncan Hines,1.93,1.72,1.50,1.24
536,Duncan Hines,2.04,1.72,1.50,1.24
537,Betty Crocker,2.06,1.84,1.35,1.24
538,Duncan Hines,2.06,1.84,1.49,1.24
539,Duncan Hines,1.94,1.75,1.50,1.24
540,Duncan Hines,2.02,1.67,1.16,1.22
541,Duncan Hines,2.08,1.69,1.50,1.24
542,Duncan Hines,1.98,1.67,1.50,1.23
543,Duncan Hines,2.19,2.07,1.68,1.25
544,Duncan Hines,2.23,1.51,1.68,1.27
545,Duncan Hines,2.25,2.05,1.58,1.23
546,Betty Crocker,1.86,1.68,1.31,1.05
547,Pillsbury,2.01,1.72,1.50,1.24
548,Duncan Hines,2.06,1.79,1.06,1.24
549,Duncan Hines,1.94,1.77,1.06,1.22
550,Betty Crocker,1.51,1.69,1.45,1.22
551,Betty Crocker,1.53,1.69,1.47,1.10
552,Betty Crocker,1.86,1.90,1.50,1.24
553,Pillsbury,2.23,1.51,1.68,1.27
554,Duncan Hines,2.25,2.05,1.58,1.23
555,Pillsbury,2.28,1.57,1.50,1.10
556,Pillsbury,2.28,1.57,1.50,1.10
557,Betty Crocker,1.98,1.67,1.50,1.10
558,Betty Crocker,1.92,1.83,1.31,1.21
559,Betty Crocker,1.92,1.83,1.31,1.21
560,Duncan Hines,1.84,1.83,1.48,1.24
561,Duncan Hines,2.06,1.79,1.06,1.24
562,Betty Crocker,2.06,1.84,1.49,1.24
563,Betty Crocker,2.01,1.69,1.50,1.24
564,Duncan Hines,2.19,2.07,1.68,1.25
565,Duncan Hines,2.08,1.69,1.50,1.24
566,Betty Crocker,2.01,1.69,1.50,1.24
567,Pillsbury,1.95,1.78,1.50,1.24
568,Betty Crocker,2.23,2.07,1.68,1.27
569,Pillsbury,1.92,1.83,1.31,1.22
570,Betty Crocker,2.06,1.79,1.38,1.24
571,Duncan Hines,2.06,1.83,1.31,1.05
572,Duncan Hines,2.08,1.90,1.50,1.06
573,Pillsbury,1.95,1.90,1.50,1.24
574,Pillsbury,1.95,1.81,1.50,1.24
575,Duncan Hines,2.02,1.67,1.16,1.22
576,Betty Crocker,1.95,1.90,1.50,1.24
577,Pillsbury,1.86,1.68,1.31,1.05
578,Duncan Hines,2.06,1.66,1.31,1.24
579,Pillsbury,2.08,1.69,1.50,1.24
580,Pillsbury,2.01,1.69,1.50,1.24
581,Pillsbury,1.95,1.90,1.50,1.24
582,Pillsbury,1.98,1.66,1.50,1.23
583,Pillsbury,2.28,1.57,1.50,1.10
584,Betty Crocker,1.95,1.48,1.50,1.23
585,Pillsbury,1.84,1.83,1.48,1.24
586,Betty Crocker,2.06,1.84,1.49,1.24
587,Betty Crocker,2.06,1.84,1.49,1.24
588,Betty Crocker,1.95,1.77,1.50,1.24
589,Duncan Hines,2.06,1.79,1.06,1.24
590,Betty Crocker,2.08,1.69,1.50,1.24
591,Pillsbury,1.76,1.56,1.48,1.24
592,Pillsbury,2.23,1.51,1.68,1.27
593,Duncan Hines,2.06,1.79,1.06,1.24
594,Duncan Hines,1.94,1.77,1.06,1.22
595,Betty Crocker,1.93,1.58,1.31,1.24
596,Betty Crocker,2.03,1.69,1.50,1.24
597,Betty Crocker,1.86,1.90,1.50,1.24
598,Pillsbury,2.28,1.57,1.50,1.10
599,Pillsbury,2.28,1.67,1.50,1.10
600,Duncan Hines,1.92,1.83,1.31,1.22
601,Duncan Hines,1.92,1.83,1.31,1.21
602,Duncan Hines,1.86,1.68,1.31,1.05
603,Duncan Hines,2.06,1.79,1.38,1.24
604,Duncan Hines,2.01,1.72,1.50,1.24
605,Duncan Hines,1.94,1.77,1.06,1.22
606,Duncan Hines,2.08,1.69,1.50,1.24
607,Duncan Hines,1.95,1.81,1.50,1.24
608,Duncan Hines,2.14,2.07,1.68,1.23
609,Duncan Hines,2.19,2.07,1.68,1.23
610,Duncan Hines,2.19,2.07,1.68,1.25
611,Pillsbury,2.01,1.72,1.50,1.24
612,Betty Crocker,2.27,2.07,1.50,1.10
613,Betty Crocker,2.06,1.64,1.50,1.30
614,Betty Crocker,2.02,1.67,1.16,1.22
615,Duncan Hines,1.86,1.90,1.50,1.24
616,Pillsbury,1.92,1.83,1.31,1.21
617,Betty Crocker,1.93,1.58,1.31,1.24
618,Betty Crocker,1.84,1.83,1.48,1.24
619,Pillsbury,1.81,2.07,1.68,1.25
620,Private Label,2.01,1.62,1.31,1.24
621,Private Label,1.53,1.69,1.47,1.10
622,Betty Crocker,1.75,1.69,1.28,1.06
623,Betty Crocker,1.86,1.90,1.50,1.24
624,Betty Crocker,1.94,1.77,1.06,1.22
625,Private Label,2.03,1.68,1.50,1.05
626,Duncan Hines,1.98,1.66,1.50,1.23
627,Betty Crocker,1.62,1.69,1.30,1.10
628,Pillsbury,2.23,1.51,1.68,1.27
629,Betty Crocker,1.93,1.68,1.31,1.24
630,Pillsbury,2.04,1.69,1.16,1.22
631,Pillsbury,2.06,1.83,1.31,1.05
632,Pillsbury,2.23,1.51,1.68,1.27
633,Betty Crocker,2.07,1.90,1.66,1.30
634,Betty Crocker,1.93,1.72,1.50,1.24
635,Private Label,1.94,1.84,1.50,1.05
636,Betty Crocker,1.94,1.84,1.50,1.24
637,Betty Crocker,1.51,1.69,1.45,1.22
638,Pillsbury,1.62,1.69,1.30,1.10
639,Private Label,2.03,1.68,1.50,1.05
640,Betty Crocker,1.95,1.90,1.50,1.24
641,Pillsbury,2.28,1.67,1.50,1.10
642,Betty Crocker,1.92,1.83,1.31,1.22
643,Betty Crocker,1.92,1.83,1.31,1.21
644,Betty Crocker,1.93,1.72,1.50,1.24
645,Duncan Hines,2.06,1.79,1.06,1.24
646,Pillsbury,1.94,1.75,1.50,1.24
647,Pillsbury,1.94,1.75,1.50,1.24
648,Betty Crocker,1.70,1.69,1.47,1.10
649,Betty Crocker,2.08,1.88,1.50,1.06
650,Betty Crocker,1.86,1.90,1.50,1.24
651,Betty Crocker,2.19,2.07,1.68,1.25
652,Betty Crocker,2.23,2.07,1.68,1.26
653,Private Label,2.27,2.07,1.50,1.10
654,Duncan Hines,2.28,1.67,1.50,1.10
655,Betty Crocker,2.06,1.64,1.50,1.30
656,Duncan Hines,2.06,1.79,1.06,1.24
657,Duncan Hines,2.02,1.67,1.16,1.22
658,Pillsbury,1.93,1.58,1.31,1.24
659,Duncan Hines,2.06,1.79,1.06,1.24
660,Pillsbury,2.08,1.69,1.50,1.24
661,Pillsbury,2.01,1.69,1.50,1.24
662,Pillsbury,1.95,1.48,1.50,1.23
663,Pillsbury,2.06,1.82,1.50,1.30
664,Duncan Hines,2.06,1.62,1.31,1.24
665,Pillsbury,1.98,1.67,1.50,1.23
666,Betty Crocker,2.01,1.73,1.50,1.23
667,Duncan Hines,2.19,2.07,1.68,1.25
668,Duncan Hines,2.19,2.07,1.68,1.25
669,Duncan Hines,2.06,1.64,1.50,1.30
670,Betty Crocker,2.07,1.82,1.50,1.30
671,Betty Crocker,2.00,1.83,1.31,1.21
672,Duncan Hines,2.03,1.69,1.50,1.24
673,Duncan Hines,2.04,1.81,1.50,1.24
674,Betty Crocker,1.92,1.83,1.31,1.22
675,Betty Crocker,1.92,1.83,1.31,1.21
676,Pillsbury,1.76,1.56,1.48,1.24
677,Private Label,1.93,1.58,1.31,1.24
678,Private Label,2.26,2.05,1.57,1.26
679,Duncan Hines,1.95,1.48,1.50,1.23
680,Duncan Hines,2.19,2.07,1.68,1.25
681,Pillsbury,2.06,1.84,1.43,1.24
682,Private Label,1.70,1.69,1.47,1.10
683,Betty Crocker,2.08,1.90,1.50,1.24
684,Betty Crocker,1.98,1.67,1.50,1.23
685,Betty Crocker,1.98,1.67,1.50,1.23
686,Betty Crocker,2.06,1.82,1.50,1.30
687,Pillsbury,2.06,1.62,1.31,1.24
688,Betty Crocker,2.06,1.64,1.50,1.30
689,Betty Crocker,1.93,1.72,1.50,1.24
690,Betty Crocker,2.05,1.79,1.50,1.07
691,Betty Crocker,2.08,1.69,1.50,1.24
692,Betty Crocker,2.08,1.90,1.50,1.06
693,Betty Crocker,2.04,1.73,1.50,1.24
694,Duncan Hines,2.26,2.05,1.57,1.23
695,Betty Crocker,2.06,1.64,1.50,1.30
696,Pillsbury,1.93,1.68,1.31,1.24
697,Duncan Hines,2.04,1.69,1.16,1.22
698,Duncan Hines,1.75,1.69,1.45,1.24
699,Private Label,2.19,2.07,1.68,1.25
700,Private Label,1.98,1.67,1.50,1.10
701,Pillsbury,2.06,1.62,1.31,1.24
702,Pillsbury,1.86,1.90,1.50,1.24
703,Betty Crocker,2.06,1.62,1.31,1.24
704,Pillsbury,2.06,1.66,1.31,1.24
705,Duncan Hines,2.06,1.84,1.35,1.24
706,Duncan Hines,2.06,1.84,1.43,1.24
707,Duncan Hines,1.94,1.75,1.50,1.24
708,Duncan Hines,2.01,1.69,1.50,1.24
709,Betty Crocker,1.86,1.90,1.50,1.24
710,Duncan Hines,1.95,1.90,1.50,1.24
711,Pillsbury,1.98,1.66,1.50,1.23
712,Pillsbury,2.14,2.07,1.68,1.23
713,Duncan Hines,2.19,2.07,1.68,1.23
714,Pillsbury,2.23,1.51,1.68,1.27
715,Duncan Hines,2.06,1.83,1.31,1.05
716,Duncan Hines,2.01,1.72,1.50,1.24
717,Betty Crocker,1.86,1.68,1.31,1.05
718,Betty Crocker,1.93,1.72,1.50,1.24
719,Pillsbury,2.08,1.69,1.50,1.24
720,Duncan Hines,1.95,1.90,1.50,1.24
721,Betty Crocker,2.03,1.69,1.50,1.24
722,Betty Crocker,1.86,1.90,1.50,1.24
723,Betty Crocker,1.95,1.90,1.50,1.24
724,Betty Crocker,1.95,1.76,1.50,1.24
725,Pillsbury,1.95,1.48,1.50,1.23
726,Pillsbury,1.95,1.48,1.50,1.23
727,Betty Crocker,1.98,1.67,1.50,1.10
728,Betty Crocker,1.93,1.68,1.31,1.24
729,Private Label,1.94,1.77,1.06,1.22
730,Pillsbury,2.23,1.51,1.68,1.27
731,Pillsbury,2.23,1.86,1.68,1.27
732,Private Label,2.06,1.79,1.38,1.24
733,Betty Crocker,1.95,1.90,1.50,1.24
734,Pillsbury,2.23,1.51,1.68,1.27
735,Pillsbury,2.28,1.67,1.50,1.10
736,Pillsbury,1.94,1.84,1.50,1.24
737,Betty Crocker,1.95,1.90,1.50,1.24
738,Duncan Hines,2.12,1.88,1.62,1.24
739,Betty Crocker,1.92,1.83,1.31,1.22
740,Betty Crocker,1.74,1.69,1.47,1.24
741,Betty Crocker,2.08,1.78,1.50,1.24
742,Duncan Hines,1.95,1.90,1.50,1.24
743,Pillsbury,2.04,1.62,1.31,1.24
744,Betty Crocker,1.76,1.56,1.48,1.24
745,Pillsbury,2.08,1.78,1.50,1.24
746,Betty Crocker,2.06,1.82,1.50,1.30
747,Betty Crocker,1.86,1.68,1.31,1.05
748,Duncan Hines,1.94,1.77,1.06,1.22
749,Betty Crocker,1.93,1.68,1.31,1.24
750,Pillsbury,2.02,1.67,1.16,1.22
751,Pillsbury,2.08,1.69,1.50,1.24
752,Betty Crocker,2.01,1.69,1.50,1.24
753,Betty Crocker,2.03,1.69,1.50,1.24
754,Pillsbury,1.92,1.83,1.31,1.22
755,Duncan Hines,1.93,1.68,1.31,1.24
756,Duncan Hines,1.93,1.72,1.50,1.24
757,Pillsbury,1.94,1.84,1.50,1.24
758,Betty Crocker,1.53,1.69,1.47,1.10
759,Pillsbury,2.03,1.68,1.50,1.24
760,Duncan Hines,2.08,1.90,1.50,1.06
761,Duncan Hines,2.01,1.73,1.50,1.23
762,Betty Crocker,2.26,2.05,1.57,1.23
763,Pillsbury,2.08,1.69,1.50,1.24
764,Betty Crocker,1.95,1.90,1.50,1.24
765,Private Label,1.92,1.83,1.31,1.22
766,Duncan Hines,1.86,1.68,1.31,1.05
767,Pillsbury,2.06,1.62,1.31,1.24
768,Betty Crocker,2.06,1.79,1.38,1.24
769,Pillsbury,1.93,1.72,1.50,1.24
770,Duncan Hines,2.06,1.84,1.43,1.24
771,Betty Crocker,1.95,1.84,1.49,1.24
772,Pillsbury,2.05,1.69,1.43,1.22
773,Betty Crocker,1.70,1.69,1.47,1.10
774,Private Label,2.01,1.69,1.29,1.10
775,Betty Crocker,1.75,1.69,1.45,1.24
776,Betty Crocker,2.01,1.69,1.50,1.24
777,Betty Crocker,2.03,1.68,1.50,1.24
778,Duncan Hines,2.03,1.75,1.50,1.24
779,Private Label,2.08,1.90,1.50,1.06
780,Duncan Hines,1.86,1.90,1.50,1.24
781,Betty Crocker,1.95,1.90,1.50,1.24
782,Betty Crocker,1.95,1.76,1.50,1.24
783,Pillsbury,1.95,1.77,1.50,1.24
784,Pillsbury,2.04,1.73,1.50,1.24
785,Pillsbury,2.13,2.02,1.68,1.23
786,Betty Crocker,1.81,2.07,1.68,1.25
787,Private Label,2.23,2.07,1.68,1.26
788,Pillsbury,2.23,1.51,1.68,1.27
789,Duncan Hines,2.26,2.07,1.57,1.28
790,Pillsbury,2.28,1.57,1.50,1.10
791,Betty Crocker,2.07,1.90,1.66,1.30
792,Duncan Hines,2.06,1.79,1.06,1.24
793,Duncan Hines,1.94,1.77,1.06,1.22
794,Betty Crocker,1.95,1.76,1.50,1.24
795,Betty Crocker,2.01,1.73,1.50,1.23
796,Pillsbury,2.23,1.51,1.68,1.27
797,Pillsbury,2.28,1.57,1.50,1.10
798,Betty Crocker,1.92,1.83,1.31,1.22
799,Betty Crocker,1.92,1.83,1.31,1.21
800,Betty Crocker,2.06,1.83,1.31,1.23
801,Betty Crocker,2.06,1.83,1.31,1.05
802,Betty Crocker,2.01,1.62,1.31,1.24
803,Betty Crocker,1.98,1.67,1.50,1.23
804,Duncan Hines,2.06,1.84,1.49,1.24
805,Duncan Hines,2.25,2.05,1.57,1.23
806,Duncan Hines,2.06,1.84,1.49,1.24
807,Pillsbury,2.03,1.75,1.50,1.24
808,Duncan Hines,2.23,2.04,1.68,1.24
809,Duncan Hines,2.06,1.82,1.50,1.30
810,Betty Crocker,2.06,1.79,1.06,1.24
811,Betty Crocker,1.95,1.90,1.50,1.24
812,Betty Crocker,2.07,1.82,1.50,1.30
813,Pillsbury,1.93,1.58,1.31,1.24
814,Duncan Hines,2.06,1.62,1.31,1.24
815,Private Label,2.08,1.90,1.50,1.06
816,Betty Crocker,1.86,1.90,1.50,1.24
817,Pillsbury,2.01,1.73,1.50,1.23
818,Pillsbury,2.28,1.57,1.50,1.10
819,Betty Crocker,2.06,1.84,1.49,1.24
820,Betty Crocker,1.53,1.69,1.47,1.10
821,Pillsbury,2.23,1.51,1.68,1.27
822,Duncan Hines,2.06,1.62,1.31,1.24
823,Pillsbury,1.70,1.69,1.47,1.10
824,Duncan Hines,2.06,1.83,1.31,1.23
825,Betty Crocker,1.95,1.90,1.50,1.24
826,Pillsbury,1.95,1.48,1.50,1.23
827,Pillsbury,2.28,1.57,1.50,1.10
828,Pillsbury,2.28,1.67,1.50,1.10
829,Betty Crocker,1.98,1.67,1.50,1.10
830,Duncan Hines,2.06,1.79,1.06,1.24
831,Duncan Hines,1.94,1.77,1.06,1.22
832,Pillsbury,1.93,1.72,1.50,1.24
833,Betty Crocker,1.62,1.69,1.30,1.10
834,Betty Crocker,2.01,1.69,1.50,1.24
835,Betty Crocker,2.07,1.82,1.50,1.30
836,Betty Crocker,2.07,1.90,1.66,1.30
837,Betty Crocker,1.93,1.58,1.31,1.24
838,Duncan Hines,1.94,1.84,1.50,1.24
839,Pillsbury,2.02,1.67,1.16,1.22
840,Duncan Hines,2.04,1.69,1.16,1.22
841,Duncan Hines,2.05,1.69,1.43,1.22
842,Duncan Hines,1.74,1.69,1.47,1.24
843,Pillsbury,2.01,1.69,1.29,1.10
844,Betty Crocker,2.01,1.69,1.50,1.24
845,Duncan Hines,2.08,1.78,1.50,1.24
846,Pillsbury,2.08,1.90,1.50,1.06
847,Betty Crocker,1.86,1.90,1.50,1.24
848,Duncan Hines,1.95,1.90,1.50,1.24
849,Duncan Hines,1.95,1.77,1.50,1.24
850,Duncan Hines,1.95,1.78,1.50,1.24
851,Duncan Hines,1.95,1.48,1.50,1.23
852,Duncan Hines,1.98,1.67,1.50,1.23
853,Duncan Hines,2.01,1.73,1.50,1.23
854,Betty Crocker,2.13,2.02,1.68,1.23
855,Duncan Hines,2.19,2.07,1.68,1.23
856,Duncan Hines,2.19,2.07,1.68,1.25
857,Pillsbury,2.27,2.07,1.50,1.10
858,Betty Crocker,2.06,1.84,1.35,1.24
859,Betty Crocker,2.06,1.84,1.49,1.24
860,Betty Crocker,1.86,1.68,1.31,1.05
861,Private Label,2.02,1.67,1.16,1.22
862,Private Label,1.93,1.58,1.31,1.24
863,Pillsbury,1.51,1.69,1.45,1.22
864,Pillsbury,2.08,1.88,1.50,1.06
865,Pillsbury,1.95,1.48,1.50,1.23
866,Betty Crocker,1.86,1.68,1.31,1.05
867,Pillsbury,1.93,1.68,1.31,1.24
868,Betty Crocker,1.93,1.58,1.31,1.24
869,Betty Crocker,1.84,1.83,1.48,1.24
870,Betty Crocker,2.08,1.90,1.50,1.06
871,Pillsbury,2.19,2.07,1.68,1.25
872,Pillsbury,1.93,1.58,1.31,1.24
873,Betty Crocker,2.04,1.72,1.50,1.24
874,Pillsbury,2.06,1.84,1.49,1.24
875,Betty Crocker,1.74,1.69,1.47,1.24
876,Private Label,2.08,1.69,1.50,1.05
877,Betty Crocker,1.86,1.90,1.50,1.24
878,Duncan Hines,1.95,1.78,1.50,1.24
879,Betty Crocker,1.86,1.68,1.31,1.05
880,Duncan Hines,1.93,1.58,1.31,1.24
881,Pillsbury,2.06,1.62,1.31,1.24
882,Private Label,2.06,1.79,1.38,1.24
883,Pillsbury,1.93,1.72,1.50,1.24
884,Pillsbury,2.06,1.84,1.35,1.24
885,Betty Crocker,1.74,1.69,1.47,1.24
886,Private Label,2.23,1.51,1.68,1.26
887,Betty Crocker,2.28,1.67,1.50,1.10
888,Betty Crocker,2.06,1.79,1.06,1.24
889,Betty Crocker,2.06,1.84,1.35,1.24
890,Private Label,2.08,1.69,1.50,1.05
891,Duncan Hines,1.92,1.83,1.31,1.21
892,Duncan Hines,1.92,1.83,1.31,1.21
893,Betty Crocker,1.53,1.69,1.47,1.10
894,Betty Crocker,2.06,1.64,1.50,1.30
895,Betty Crocker,2.07,1.90,1.66,1.30
896,Betty Crocker,2.06,1.84,1.49,1.24
897,Betty Crocker,2.08,1.88,1.50,1.06
898,Pillsbury,2.28,1.57,1.50,1.10
899,Betty Crocker,1.81,2.07,1.68,1.25
900,Pillsbury,2.28,1.57,1.50,1.10
901,Betty Crocker,1.92,1.83,1.31,1.21
902,Betty Crocker,1.86,1.68,1.31,1.05
903,Duncan Hines,2.08,1.69,1.50,1.24
904,Duncan Hines,2.08,1.88,1.50,1.06
905,Duncan Hines,2.23,2.04,1.68,1.24
906,Betty Crocker,2.19,2.07,1.68,1.25
907,Duncan Hines,2.06,1.84,1.49,1.24
908,Duncan Hines,2.01,1.72,1.50,1.24
909,Pillsbury,1.95,1.48,1.50,1.23
910,Duncan Hines,2.19,2.07,1.68,1.25
911,Duncan Hines,1.94,1.77,1.06,1.22
912,Duncan Hines,2.08,1.81,1.50,1.06
913,Duncan Hines,1.86,1.90,1.50,1.24
914,Pillsbury,1.92,1.83,1.31,1.22
915,Betty Crocker,1.53,1.69,1.47,1.10
916,Betty Crocker,1.86,1.90,1.50,1.24
917,Pillsbury,1.95,1.78,1.50,1.24
918,Duncan Hines,2.14,2.07,1.68,1.23
919,Pillsbury,2.04,1.69,1.16,1.22
920,Betty Crocker,2.08,1.69,1.50,1.24
921,Pillsbury,2.25,2.05,1.57,1.23
922,Betty Crocker,2.28,1.67,1.50,1.10
923,Private Label,1.92,1.83,1.31,1.22
924,Private Label,2.06,1.62,1.31,1.24
925,Private Label,2.05,1.79,1.50,1.07
926,Private Label,1.95,1.84,1.49,1.05
927,Private Label,2.08,1.81,1.50,1.06
928,Private Label,1.95,1.76,1.50,1.05
929,Private Label,2.19,2.07,1.68,1.26
930,Duncan Hines,2.06,1.79,1.06,1.24
931,Duncan Hines,1.94,1.77,1.06,1.22
932,Private Label,1.92,1.83,1.31,1.22
933,Betty Crocker,2.06,1.83,1.31,1.23
934,Private Label,2.04,1.62,1.31,1.24
935,Betty Crocker,1.93,1.72,1.50,1.24
936,Private Label,2.06,1.84,1.49,1.05
937,Private Label,2.08,1.69,1.50,1.05
938,Betty Crocker,2.08,1.81,1.50,1.06
939,Private Label,2.04,1.81,1.50,1.05
940,Private Label,2.13,2.02,1.68,1.23
941,Private Label,1.81,2.07,1.68,1.25
942,Private Label,2.23,2.07,1.68,1.26
943,Betty Crocker,1.86,1.68,1.31,1.05
944,Duncan Hines,2.06,1.79,1.06,1.24
945,Pillsbury,2.05,1.69,1.43,1.22
946,Betty Crocker,1.51,1.69,1.45,1.22
947,Betty Crocker,1.53,1.69,1.47,1.10
948,Betty Crocker,1.81,2.07,1.68,1.25
949,Betty Crocker,1.92,1.83,1.31,1.22
950,Pillsbury,2.06,1.62,1.31,1.24
951,Betty Crocker,2.00,1.83,1.31,1.21
952,Private Label,2.06,1.84,1.49,1.05
953,Betty Crocker,2.01,1.69,1.50,1.24
954,Private Label,2.03,1.75,1.50,1.05
955,Betty Crocker,1.95,1.48,1.50,1.23
956,Duncan Hines,2.28,1.57,1.50,1.10
957,Private Label,1.70,1.69,1.47,1.10
958,Private Label,1.70,1.69,1.47,1.10
959,Pillsbury,1.93,1.68,1.31,1.24
960,Private Label,2.04,1.72,1.50,1.05
961,Private Label,2.06,1.84,1.49,1.05
962,Private Label,1.53,1.69,1.47,1.10
963,Private Label,2.01,1.69,1.29,1.10
964,Private Label,2.03,1.68,1.50,1.05
965,Private Label,2.19,2.07,1.68,1.26
966,Private Label,2.23,2.04,1.68,1.24
967,Pillsbury,2.25,2.05,1.58,1.23
968,Private Label,2.28,1.67,1.50,1.10
969,Betty Crocker,2.03,1.69,1.50,1.24
970,Pillsbury,2.08,1.81,1.50,1.06
971,Duncan Hines,2.08,1.90,1.50,1.06
972,Private Label,2.28,1.67,1.50,1.10
973,Betty Crocker,1.75,1.69,1.28,1.06
974,Private Label,2.08,1.69,1.50,1.05
975,Pillsbury,2.06,1.84,1.49,1.24
976,Pillsbury,1.95,1.84,1.49,1.24
977,Duncan Hines,2.02,1.67,1.16,1.22
978,Betty Crocker,2.06,1.84,1.49,1.24
979,Duncan Hines,1.94,1.77,1.06,1.22
980,Duncan Hines,2.04,1.69,1.16,1.22
981,Pillsbury,2.06,1.83,1.31,1.23
982,Pillsbury,1.93,1.68,1.31,1.24
983,Pillsbury,2.04,1.62,1.31,1.24
984,Duncan Hines,2.06,1.62,1.31,1.24
985,Betty Crocker,2.06,1.84,1.49,1.24
986,Betty Crocker,1.92,1.83,1.31,1.21
987,Betty Crocker,2.01,1.69,1.50,1.24
988,Betty Crocker,2.08,1.90,1.50,1.06
989,Betty Crocker,2.08,1.90,1.50,1.24
990,Betty Crocker,2.06,1.83,1.31,1.05
991,Betty Crocker,1.93,1.58,1.31,1.24
992,Betty Crocker,2.01,1.62,1.31,1.24
993,Pillsbury,2.04,1.62,1.31,1.24
994,Betty Crocker,2.04,1.62,1.31,1.24
995,Duncan Hines,2.06,1.66,1.31,1.24
996,Betty Crocker,1.84,1.83,1.48,1.24
997,Betty Crocker,2.04,1.72,1.50,1.24
998,Betty Crocker,2.06,1.84,1.49,1.24
999,Betty Crocker,2.06,1.84,1.49,1.24
1000,Betty Crocker,1.95,1.84,1.49,1.24
1001,Duncan Hines,1.94,1.77,1.06,1.22
1002,Betty Crocker,2.02,1.67,1.16,1.22
1003,Betty Crocker,1.53,1.69,1.47,1.10
1004,Duncan Hines,1.95,1.76,1.50,1.24
1005,Betty Crocker,2.07,1.82,1.50,1.30
1006,Pillsbury,2.05,1.69,1.43,1.22
1007,Pillsbury,1.53,1.69,1.47,1.10
1008,Betty Crocker,2.04,1.73,1.50,1.24
1009,Betty Crocker,2.19,2.07,1.68,1.25
1010,Duncan Hines,1.95,1.48,1.50,1.23
1011,Pillsbury,2.01,1.73,1.50,1.23
1012,Duncan Hines,2.12,1.88,1.62,1.24
1013,Duncan Hines,2.06,1.79,1.06,1.24
1014,Duncan Hines,1.94,1.77,1.06,1.22
1015,Betty Crocker,1.86,1.90,1.50,1.24
1016,Pillsbury,2.23,1.51,1.68,1.27
1017,Duncan Hines,2.07,1.82,1.50,1.30
1018,Betty Crocker,1.93,1.72,1.50,1.24
1019,Pillsbury,1.94,1.75,1.50,1.24
1020,Betty Crocker,1.53,1.69,1.47,1.10
1021,Pillsbury,2.03,1.68,1.50,1.24
1022,Betty Crocker,1.92,1.83,1.31,1.22
1023,Private Label,1.92,1.83,1.31,1.21
1024,Duncan Hines,1.92,1.83,1.31,1.21
1025,Duncan Hines,1.86,1.68,1.31,1.05
1026,Betty Crocker,2.04,1.72,1.50,1.24
1027,Pillsbury,2.06,1.84,1.43,1.24
1028,Pillsbury,1.95,1.84,1.49,1.24
1029,Duncan Hines,2.05,1.69,1.43,1.22
1030,Duncan Hines,2.01,1.69,1.29,1.10
1031,Duncan Hines,2.03,1.69,1.50,1.24
1032,Duncan Hines,1.98,1.66,1.50,1.23
1033,Duncan Hines,1.98,1.67,1.50,1.23
1034,Pillsbury,1.98,1.67,1.50,1.23
1035,Pillsbury,2.04,1.73,1.50,1.24
1036,Duncan Hines,2.19,2.07,1.68,1.25
1037,Duncan Hines,2.23,2.07,1.68,1.26
1038,Private Label,2.06,1.84,1.49,1.05
1039,Betty Crocker,1.53,1.69,1.47,1.10
1040,Betty Crocker,2.28,1.57,1.50,1.10
1041,Private Label,2.06,1.84,1.49,1.24
1042,Pillsbury,1.75,1.69,1.45,1.24
1043,Betty Crocker,2.06,1.83,1.31,1.23
1044,Betty Crocker,2.04,1.62,1.31,1.24
1045,Betty Crocker,1.93,1.72,1.50,1.24
1046,Betty Crocker,1.95,1.90,1.50,1.24
1047,Duncan Hines,1.95,1.78,1.50,1.24
1048,Pillsbury,2.19,2.07,1.68,1.25
1049,Pillsbury,2.23,1.86,1.68,1.27
1050,Pillsbury,2.25,2.05,1.57,1.23
1051,Betty Crocker,2.28,1.67,1.50,1.10
1052,Duncan Hines,1.86,1.68,1.31,1.05
1053,Duncan Hines,1.93,1.58,1.31,1.24
1054,Duncan Hines,2.06,1.62,1.31,1.24
1055,Betty Crocker,2.02,1.67,1.16,1.22
1056,Pillsbury,2.04,1.69,1.16,1.22
1057,Duncan Hines,1.70,1.69,1.47,1.10
1058,Duncan Hines,2.28,1.57,1.50,1.10
1059,Betty Crocker,2.06,1.84,1.35,1.24
1060,Private Label,2.26,2.07,1.57,1.26
1061,Private Label,2.27,2.07,1.50,1.10
1062,Betty Crocker,1.86,1.68,1.31,1.05
1063,Pillsbury,2.23,1.51,1.68,1.27
1064,Pillsbury,1.70,1.69,1.47,1.10
1065,Pillsbury,1.95,1.48,1.50,1.23
1066,Betty Crocker,2.00,1.83,1.31,1.21
1067,Pillsbury,1.93,1.58,1.31,1.24
1068,Duncan Hines,2.06,1.84,1.43,1.24
1069,Duncan Hines,2.06,1.84,1.49,1.24
1070,Duncan Hines,2.06,1.84,1.49,1.24
1071,Duncan Hines,2.06,1.84,1.49,1.24
1072,Duncan Hines,1.94,1.84,1.50,1.24
1073,Duncan Hines,1.94,1.77,1.06,1.22
1074,Duncan Hines,2.08,1.88,1.50,1.06
1075,Betty Crocker,1.95,1.76,1.50,1.24
1076,Betty Crocker,1.95,1.78,1.50,1.24
1077,Pillsbury,1.95,1.48,1.50,1.23
1078,Pillsbury,1.98,1.67,1.50,1.23
1079,Pillsbury,2.23,1.51,1.68,1.27
1080,Duncan Hines,2.28,1.67,1.50,1.10
1081,Pillsbury,1.75,1.69,1.45,1.24
1082,Pillsbury,1.95,1.81,1.50,1.24
1083,Pillsbury,1.95,1.48,1.50,1.23
1084,Betty Crocker,2.04,1.81,1.50,1.24
1085,Betty Crocker,1.84,1.83,1.48,1.24
1086,Duncan Hines,1.94,1.77,1.06,1.22
1087,Betty Crocker,1.74,1.69,1.47,1.24
1088,Pillsbury,2.03,1.69,1.50,1.24
1089,Pillsbury,2.28,1.57,1.50,1.10
1090,Betty Crocker,1.93,1.72,1.50,1.24
1091,Pillsbury,1.95,1.48,1.50,1.23
1092,Pillsbury,2.01,1.62,1.31,1.24
1093,Betty Crocker,2.04,1.72,1.50,1.24
1094,Betty Crocker,2.04,1.79,1.50,1.07
1095,Betty Crocker,1.95,1.84,1.49,1.24
1096,Betty Crocker,2.08,1.88,1.50,1.06
1097,Betty Crocker,2.23,2.07,1.68,1.27
1098,Duncan Hines,1.94,1.77,1.06,1.22
1099,Duncan Hines,2.02,1.67,1.16,1.22
1100,Betty Crocker,1.86,1.68,1.31,1.05
1101,Pillsbury,1.95,1.48,1.50,1.23
1102,Pillsbury,2.28,1.57,1.50,1.10
1103,Pillsbury,2.28,1.67,1.50,1.10
1104,Betty Crocker,1.53,1.69,1.47,1.10
1105,Duncan Hines,2.08,1.90,1.50,1.24
1106,Betty Crocker,1.86,1.90,1.50,1.24
1107,Pillsbury,1.95,1.48,1.50,1.23
1108,Pillsbury,2.23,1.51,1.68,1.27
1109,Betty Crocker,1.98,1.67,1.50,1.10
1110,Betty Crocker,2.06,1.64,1.50,1.30
1111,Pillsbury,2.01,1.62,1.31,1.24
1112,Pillsbury,2.08,1.78,1.50,1.24
1113,Pillsbury,1.95,1.48,1.50,1.23
1114,Betty Crocker,1.93,1.58,1.31,1.24
1115,Betty Crocker,2.06,1.64,1.50,1.30
1116,Duncan Hines,2.06,1.79,1.06,1.24
1117,Pillsbury,1.95,1.48,1.50,1.23
1118,Duncan Hines,2.06,1.79,1.38,1.24
1119,Private Label,2.02,1.67,1.16,1.22
1120,Duncan Hines,1.94,1.77,1.06,1.22
1121,Duncan Hines,2.08,1.81,1.50,1.06
1122,Duncan Hines,2.28,1.67,1.50,1.10
1123,Betty Crocker,1.86,1.68,1.31,1.05
1124,Betty Crocker,1.84,1.83,1.48,1.24
1125,Duncan Hines,2.06,1.79,1.06,1.24
1126,Duncan Hines,1.94,1.77,1.06,1.22
1127,Pillsbury,1.76,1.56,1.48,1.24
1128,Betty Crocker,2.08,1.81,1.50,1.06
1129,Betty Crocker,1.86,1.90,1.50,1.24
1130,Duncan Hines,2.04,1.62,1.31,1.24
1131,Duncan Hines,2.06,1.66,1.31,1.24
1132,Duncan Hines,2.04,1.72,1.50,1.24
1133,Duncan Hines,2.06,1.84,1.49,1.24
1134,Duncan Hines,2.06,1.84,1.49,1.24
1135,Duncan Hines,2.06,1.84,1.49,1.24
1136,Duncan Hines,1.94,1.84,1.50,1.24
1137,Duncan Hines,2.02,1.67,1.16,1.22
1138,Duncan Hines,2.04,1.69,1.16,1.22
1139,Duncan Hines,1.76,1.56,1.48,1.24
1140,Private Label,2.03,1.69,1.50,1.24
1141,Duncan Hines,2.08,1.90,1.50,1.24
1142,Duncan Hines,2.12,1.88,1.62,1.24
1143,Duncan Hines,2.23,1.51,1.68,1.27
1144,Duncan Hines,2.23,2.04,1.68,1.24
1145,Duncan Hines,1.98,1.67,1.50,1.10
1146,Betty Crocker,2.01,1.69,1.50,1.24
1147,Betty Crocker,1.95,1.90,1.50,1.24
1148,Pillsbury,2.06,1.62,1.31,1.24
1149,Betty Crocker,2.08,1.69,1.50,1.24
1150,Pillsbury,2.08,1.78,1.50,1.24
1151,Pillsbury,1.95,1.78,1.50,1.24
1152,Duncan Hines,2.19,2.07,1.68,1.25
1153,Betty Crocker,2.01,1.62,1.31,1.24
1154,Pillsbury,2.04,1.69,1.16,1.22
1155,Pillsbury,1.75,1.69,1.45,1.24
1156,Betty Crocker,2.06,1.64,1.50,1.30
1157,Betty Crocker,1.84,1.83,1.48,1.24
1158,Betty Crocker,2.04,1.72,1.50,1.24
1159,Duncan Hines,2.02,1.67,1.16,1.22
1160,Pillsbury,1.98,1.66,1.50,1.23
1161,Pillsbury,2.23,1.51,1.68,1.27
1162,Private Label,2.27,2.07,1.50,1.10
1163,Pillsbury,2.28,1.67,1.50,1.10
1164,Betty Crocker,1.98,1.67,1.50,1.10
1165,Pillsbury,1.93,1.68,1.31,1.24
1166,Pillsbury,2.06,1.66,1.31,1.24
1167,Duncan Hines,1.84,1.83,1.48,1.24
1168,Private Label,1.62,1.69,1.30,1.10
1169,Pillsbury,1.76,1.56,1.48,1.24
1170,Betty Crocker,2.03,1.68,1.50,1.24
1171,Betty Crocker,1.95,1.90,1.50,1.24
1172,Betty Crocker,2.23,2.04,1.68,1.24
1173,Pillsbury,2.26,2.05,1.57,1.23
1174,Private Label,2.28,1.67,1.50,1.10
1175,Pillsbury,2.06,1.79,1.38,1.24
1176,Betty Crocker,1.84,1.83,1.48,1.24
1177,Pillsbury,1.62,1.69,1.30,1.10
1178,Betty Crocker,1.76,1.56,1.48,1.24
1179,Betty Crocker,2.08,1.90,1.50,1.06
1180,Betty Crocker,2.06,1.79,1.38,1.24
1181,Private Label,2.28,1.67,1.50,1.10
1182,Private Label,2.01,1.62,1.31,1.24
1183,Private Label,2.06,1.62,1.31,1.24
1184,Private Label,2.05,1.79,1.50,1.07
1185,Private Label,1.95,1.84,1.49,1.24
1186,Private Label,2.05,1.69,1.43,1.22
1187,Private Label,1.75,1.69,1.45,1.24
1188,Private Label,2.03,1.68,1.50,1.24
1189,Pillsbury,2.03,1.75,1.50,1.24
1190,Private Label,2.08,1.69,1.50,1.24
1191,Private Label,2.08,1.90,1.50,1.06
1192,Private Label,1.95,1.48,1.50,1.23
1193,Private Label,2.04,1.81,1.50,1.24
1194,Pillsbury,2.04,1.62,1.31,1.24
1195,Betty Crocker,1.62,1.69,1.30,1.10
1196,Betty Crocker,2.08,1.69,1.50,1.24
1197,Pillsbury,2.08,1.90,1.50,1.06
1198,Betty Crocker,1.95,1.90,1.50,1.24
1199,Pillsbury,1.95,1.77,1.50,1.24
1200,Pillsbury,2.04,1.73,1.50,1.24
1201,Pillsbury,2.25,2.05,1.58,1.23
1202,Betty Crocker,2.28,1.67,1.50,1.10
1203,Pillsbury,2.07,1.90,1.66,1.30
1204,Duncan Hines,2.04,1.69,1.16,1.22
1205,Private Label,2.06,1.66,1.31,1.24
1206,Duncan Hines,2.06,1.79,1.06,1.24
1207,Private Label,2.06,1.84,1.43,1.24
1208,Private Label,2.23,2.07,1.68,1.26
1209,Duncan Hines,1.92,1.83,1.31,1.22
1210,Duncan Hines,2.06,1.84,1.43,1.24
1211,Duncan Hines,2.06,1.84,1.49,1.24
1212,Betty Crocker,1.74,1.69,1.47,1.24
1213,Duncan Hines,2.01,1.69,1.29,1.10
1214,Duncan Hines,1.75,1.69,1.28,1.06
1215,Duncan Hines,1.76,1.56,1.48,1.24
1216,Betty Crocker,2.03,1.69,1.50,1.24
1217,Duncan Hines,2.03,1.68,1.50,1.24
1218,Duncan Hines,2.08,1.69,1.50,1.24
1219,Duncan Hines,1.95,1.78,1.50,1.24
1220,Duncan Hines,2.26,2.07,1.57,1.28
1221,Duncan Hines,2.28,1.67,1.50,1.10
1222,Duncan Hines,1.98,1.67,1.50,1.10
1223,Duncan Hines,2.02,1.67,1.16,1.22
1224,Betty Crocker,2.08,1.90,1.50,1.24
1225,Pillsbury,2.19,2.07,1.68,1.25
1226,Betty Crocker,1.93,1.72,1.50,1.24
1227,Duncan Hines,1.94,1.77,1.06,1.22
1228,Duncan Hines,2.01,1.69,1.29,1.10
1229,Duncan Hines,1.76,1.56,1.48,1.24
1230,Duncan Hines,2.08,1.90,1.50,1.06
1231,Pillsbury,1.86,1.68,1.31,1.05
1232,Betty Crocker,2.06,1.79,1.06,1.24
1233,Pillsbury,2.06,1.84,1.49,1.24
1234,Pillsbury,2.08,1.69,1.50,1.24
1235,Pillsbury,2.28,1.67,1.50,1.10
1236,Private Label,1.92,1.83,1.31,1.22
1237,Betty Crocker,2.03,1.69,1.50,1.24
1238,Pillsbury,1.98,1.66,1.50,1.23
1239,Betty Crocker,2.25,2.05,1.58,1.23
1240,Pillsbury,2.03,1.69,1.50,1.24
1241,Pillsbury,2.03,1.68,1.50,1.24
1242,Pillsbury,2.08,1.69,1.50,1.24
1243,Pillsbury,1.98,1.66,1.50,1.23
1244,Pillsbury,1.98,1.67,1.50,1.23
1245,Duncan Hines,2.19,2.07,1.68,1.25
1246,Duncan Hines,2.19,2.07,1.68,1.25
1247,Pillsbury,1.86,1.68,1.31,1.05
1248,Betty Crocker,1.84,1.83,1.48,1.24
1249,Duncan Hines,2.06,1.79,1.06,1.24
1250,Betty Crocker,2.05,1.79,1.50,1.07
1251,Duncan Hines,1.94,1.77,1.06,1.22
1252,Duncan Hines,2.02,1.67,1.16,1.22
1253,Betty Crocker,2.01,1.69,1.29,1.10
1254,Betty Crocker,2.03,1.75,1.50,1.24
1255,Private Label,2.13,2.02,1.68,1.23
1256,Betty Crocker,1.92,1.83,1.31,1.22
1257,Pillsbury,2.00,1.83,1.31,1.21
1258,Private Label,2.06,1.83,1.31,1.23
1259,Private Label,2.06,1.62,1.31,1.24
1260,Private Label,2.06,1.84,1.49,1.24
1261,Pillsbury,2.04,1.69,1.16,1.22
1262,Betty Crocker,1.70,1.69,1.47,1.10
1263,Private Label,2.01,1.69,1.50,1.24
1264,Private Label,2.03,1.68,1.50,1.24
1265,Private Label,2.03,1.75,1.50,1.24
1266,Private Label,2.19,2.07,1.68,1.25
1267,Private Label,2.28,1.57,1.50,1.10
1268,Duncan Hines,2.04,1.79,1.50,1.07
1269,Duncan Hines,1.75,1.69,1.28,1.06
1270,Betty Crocker,2.04,1.62,1.31,1.24
1271,Betty Crocker,2.06,1.84,1.49,1.24
1272,Betty Crocker,1.95,1.90,1.50,1.24
1273,Pillsbury,1.92,1.83,1.31,1.22
1274,Pillsbury,1.92,1.83,1.31,1.21
1275,Pillsbury,1.92,1.83,1.31,1.21
1276,Pillsbury,2.06,1.83,1.31,1.05
1277,Betty Crocker,1.70,1.69,1.47,1.10
1278,Pillsbury,1.62,1.69,1.30,1.10
1279,Private Label,2.08,1.88,1.50,1.06
1280,Betty Crocker,1.95,1.77,1.50,1.24
1281,Pillsbury,2.07,1.90,1.66,1.30
1282,Betty Crocker,1.53,1.69,1.47,1.10
1283,Pillsbury,2.01,1.73,1.50,1.23
1284,Private Label,1.81,2.07,1.68,1.25
1285,Betty Crocker,2.13,2.02,1.68,1.23
1286,Duncan Hines,2.28,1.67,1.50,1.10
1287,Pillsbury,1.92,1.83,1.31,1.22
1288,Private Label,2.06,1.84,1.49,1.24
1289,Duncan Hines,2.01,1.69,1.29,1.10
1290,Pillsbury,2.23,2.07,1.68,1.27
1291,Pillsbury,2.25,2.05,1.58,1.23
1292,Duncan Hines,2.06,1.82,1.50,1.30
1293,Betty Crocker,1.51,1.69,1.45,1.22
1294,Pillsbury,2.28,1.67,1.50,1.10
1295,Betty Crocker,1.92,1.83,1.31,1.21
1296,Pillsbury,1.93,1.68,1.31,1.24
1297,Betty Crocker,2.06,1.66,1.31,1.24
1298,Betty Crocker,1.84,1.83,1.48,1.24
1299,Pillsbury,2.06,1.84,1.43,1.24
1300,Pillsbury,2.05,1.69,1.43,1.22
1301,Pillsbury,2.03,1.69,1.50,1.24
1302,Pillsbury,1.95,1.76,1.50,1.24
1303,Pillsbury,1.98,1.66,1.50,1.23
1304,Pillsbury,2.13,2.02,1.68,1.23
1305,Betty Crocker,2.23,1.51,1.68,1.27
1306,Private Label,2.23,1.86,1.68,1.26
1307,Betty Crocker,1.86,1.68,1.31,1.05
1308,Betty Crocker,1.51,1.69,1.45,1.22
1309,Duncan Hines,2.04,1.62,1.31,1.24
1310,Duncan Hines,2.01,1.72,1.50,1.24
1311,Duncan Hines,2.06,1.79,1.06,1.24
1312,Duncan Hines,1.95,1.76,1.50,1.24
1313,Private Label,2.01,1.69,1.29,1.10
1314,Betty Crocker,1.75,1.69,1.45,1.24
1315,Pillsbury,2.08,1.90,1.50,1.06
1316,Pillsbury,2.23,1.51,1.68,1.27
1317,Pillsbury,1.98,1.67,1.50,1.10
1318,Duncan Hines,1.94,1.77,1.06,1.22
1319,Pillsbury,2.28,1.67,1.50,1.10
1320,Betty Crocker,1.92,1.83,1.31,1.21
1321,Duncan Hines,1.86,1.68,1.31,1.05
1322,Betty Crocker,1.93,1.68,1.31,1.24
1323,Betty Crocker,1.93,1.72,1.50,1.24
1324,Pillsbury,2.04,1.69,1.16,1.22
1325,Duncan Hines,1.94,1.77,1.06,1.22
1326,Duncan Hines,2.08,1.69,1.50,1.24
1327,Betty Crocker,2.06,1.84,1.43,1.24
1328,Private Label,2.26,2.05,1.57,1.23
1329,Duncan Hines,1.92,1.83,1.31,1.22
1330,Duncan Hines,2.06,1.79,1.06,1.24
1331,Duncan Hines,2.04,1.73,1.50,1.24
1332,Betty Crocker,1.94,1.77,1.06,1.22
1333,Duncan Hines,2.23,2.04,1.68,1.24
1334,Betty Crocker,1.84,1.83,1.48,1.24
1335,Duncan Hines,2.02,1.67,1.16,1.22
1336,Betty Crocker,1.51,1.69,1.45,1.22
1337,Betty Crocker,1.92,1.83,1.31,1.21
1338,Duncan Hines,1.93,1.58,1.31,1.24
1339,Duncan Hines,2.05,1.79,1.50,1.07
1340,Betty Crocker,1.84,1.83,1.48,1.24
1341,Duncan Hines,2.06,1.79,1.06,1.24
1342,Betty Crocker,1.95,1.90,1.50,1.24
1343,Betty Crocker,1.92,1.83,1.31,1.21
1344,Betty Crocker,1.93,1.68,1.31,1.24
1345,Betty Crocker,1.84,1.83,1.48,1.24
1346,Betty Crocker,1.53,1.69,1.47,1.10
1347,Pillsbury,2.07,1.90,1.66,1.30
1348,Private Label,1.93,1.72,1.50,1.24
1349,Duncan Hines,2.06,1.79,1.06,1.24
1350,Duncan Hines,1.94,1.77,1.06,1.22
1351,Pillsbury,2.01,1.73,1.50,1.23
1352,Private Label,2.04,1.69,1.16,1.22
1353,Private Label,2.28,1.67,1.50,1.10
1354,Duncan Hines,2.06,1.84,1.49,1.24
1355,Duncan Hines,2.08,1.90,1.50,1.06
1356,Duncan Hines,2.06,1.79,1.06,1.24
1357,Pillsbury,1.93,1.72,1.50,1.24
1358,Betty Crocker,2.26,2.05,1.57,1.23
1359,Pillsbury,2.01,1.62,1.31,1.24
1360,Pillsbury,2.04,1.73,1.50,1.24
1361,Private Label,1.93,1.68,1.31,1.24
1362,Pillsbury,2.06,1.84,1.35,1.24
1363,Betty Crocker,1.94,1.75,1.50,1.24
1364,Pillsbury,2.05,1.69,1.43,1.22
1365,Pillsbury,2.01,1.69,1.29,1.10
1366,Pillsbury,1.98,1.67,1.50,1.23
1367,Private Label,2.27,2.07,1.50,1.10
1368,Pillsbury,2.28,1.57,1.50,1.10
1369,Duncan Hines,2.02,1.67,1.16,1.22
1370,Duncan Hines,2.23,2.04,1.68,1.24
1371,Betty Crocker,1.92,1.83,1.31,1.21
1372,Betty Crocker,2.06,1.62,1.31,1.24
1373,Pillsbury,2.04,1.79,1.50,1.07
1374,Private Label,1.62,1.69,1.30,1.10
1375,Pillsbury,2.03,1.75,1.50,1.24
1376,Pillsbury,2.19,2.07,1.68,1.25
1377,Private Label,2.28,1.67,1.50,1.10
1378,Private Label,2.06,1.82,1.50,1.26
1379,Betty Crocker,2.08,1.90,1.50,1.24
1380,Betty Crocker,2.07,1.82,1.50,1.30
1381,Betty Crocker,2.03,1.68,1.50,1.24
1382,Pillsbury,2.23,2.07,1.68,1.27
1383,Pillsbury,2.06,1.84,1.35,1.24
1384,Private Label,2.06,1.84,1.49,1.24
1385,Betty Crocker,1.74,1.69,1.47,1.24
1386,Betty Crocker,1.62,1.69,1.30,1.10
1387,Betty Crocker,2.14,2.07,1.68,1.23
1388,Betty Crocker,1.86,1.68,1.31,1.05
1389,Duncan Hines,2.02,1.67,1.16,1.22
1390,Pillsbury,2.06,1.83,1.31,1.05
1391,Duncan Hines,2.06,1.84,1.49,1.24
1392,Pillsbury,2.08,1.90,1.50,1.06
1393,Pillsbury,1.95,1.48,1.50,1.23
1394,Private Label,2.06,1.84,1.35,1.24
1395,Betty Crocker,1.86,1.90,1.50,1.24
1396,Betty Crocker,2.06,1.83,1.31,1.23
1397,Betty Crocker,1.86,1.68,1.31,1.05
1398,Betty Crocker,1.93,1.68,1.31,1.24
1399,Duncan Hines,2.01,1.62,1.31,1.24
1400,Betty Crocker,2.04,1.62,1.31,1.24
1401,Pillsbury,2.06,1.62,1.31,1.24
1402,Betty Crocker,2.06,1.79,1.38,1.24
1403,Pillsbury,1.84,1.83,1.48,1.24
1404,Betty Crocker,1.93,1.72,1.50,1.24
1405,Pillsbury,2.04,1.79,1.50,1.07
1406,Duncan Hines,2.06,1.84,1.35,1.24
1407,Betty Crocker,2.06,1.84,1.43,1.24
1408,Pillsbury,2.05,1.69,1.43,1.22
1409,Betty Crocker,1.70,1.69,1.47,1.10
1410,Betty Crocker,2.01,1.69,1.50,1.24
1411,Pillsbury,2.08,1.69,1.50,1.24
1412,Pillsbury,1.95,1.90,1.50,1.24
1413,Betty Crocker,1.95,1.77,1.50,1.24
1414,Pillsbury,1.95,1.48,1.50,1.23
1415,Betty Crocker,1.98,1.66,1.50,1.23
1416,Pillsbury,2.01,1.73,1.50,1.23
1417,Duncan Hines,2.06,1.62,1.31,1.24
1418,Duncan Hines,2.05,1.79,1.50,1.07
1419,Betty Crocker,2.06,1.84,1.43,1.24
1420,Duncan Hines,1.95,1.84,1.49,1.24
1421,Betty Crocker,1.75,1.69,1.28,1.06
1422,Duncan Hines,2.01,1.69,1.50,1.24
1423,Duncan Hines,1.95,1.90,1.50,1.24
1424,Betty Crocker,2.26,2.07,1.57,1.28
1425,Betty Crocker,2.28,1.67,1.50,1.10
1426,Pillsbury,1.94,1.75,1.50,1.24
1427,Betty Crocker,2.08,1.69,1.50,1.24
1428,Pillsbury,1.92,1.83,1.31,1.21
1429,Pillsbury,2.00,1.83,1.31,1.21
1430,Pillsbury,2.01,1.72,1.50,1.24
1431,Pillsbury,2.03,1.69,1.50,1.24
1432,Pillsbury,2.08,1.90,1.50,1.24
1433,Pillsbury,1.95,1.78,1.50,1.24
1434,Pillsbury,1.98,1.66,1.50,1.23
1435,Pillsbury,2.01,1.73,1.50,1.23
1436,Pillsbury,2.26,2.07,1.57,1.28
1437,Private Label,1.92,1.83,1.31,1.22
1438,Betty Crocker,1.92,1.83,1.31,1.21
1439,Private Label,1.93,1.58,1.31,1.24
1440,Private Label,2.04,1.69,1.16,1.22
1441,Private Label,1.51,1.69,1.45,1.22
1442,Private Label,2.08,1.69,1.50,1.24
1443,Private Label,2.08,1.88,1.50,1.06
1444,Private Label,2.27,2.07,1.50,1.10
1445,Betty Crocker,1.86,1.68,1.31,1.05
1446,Betty Crocker,2.05,1.79,1.50,1.07
1447,Pillsbury,2.01,1.72,1.50,1.24
1448,Pillsbury,2.01,1.73,1.50,1.23
1449,Betty Crocker,1.92,1.83,1.31,1.21
1450,Betty Crocker,1.86,1.68,1.31,1.05
1451,Betty Crocker,1.93,1.72,1.50,1.24
1452,Betty Crocker,2.02,1.67,1.16,1.22
1453,Betty Crocker,1.51,1.69,1.45,1.22
1454,Private Label,1.53,1.69,1.47,1.10
1455,Pillsbury,2.03,1.75,1.50,1.24
1456,Betty Crocker,1.95,1.90,1.50,1.24
1457,Duncan Hines,2.01,1.73,1.50,1.23
1458,Duncan Hines,2.19,2.07,1.68,1.25
1459,Pillsbury,2.19,2.07,1.68,1.26
1460,Pillsbury,2.28,1.67,1.50,1.10
1461,Betty Crocker,1.92,1.83,1.31,1.22
1462,Betty Crocker,1.92,1.83,1.31,1.21
1463,Pillsbury,2.02,1.67,1.16,1.22
1464,Betty Crocker,1.76,1.56,1.48,1.24
1465,Betty Crocker,1.95,1.76,1.50,1.24
1466,Betty Crocker,1.75,1.69,1.28,1.06
1467,Duncan Hines,1.95,1.48,1.50,1.23
1468,Private Label,2.19,2.07,1.68,1.25
1469,Pillsbury,2.28,1.57,1.50,1.10
1470,Pillsbury,2.07,1.82,1.50,1.30
1471,Private Label,2.06,1.83,1.31,1.23
1472,Betty Crocker,2.06,1.62,1.31,1.24
1473,Betty Crocker,1.94,1.84,1.50,1.24
1474,Private Label,2.01,1.69,1.50,1.24
1475,Pillsbury,2.03,1.75,1.50,1.24
1476,Betty Crocker,2.00,1.83,1.31,1.21
1477,Betty Crocker,2.04,1.62,1.31,1.24
1478,Duncan Hines,1.84,1.83,1.48,1.24
1479,Pillsbury,2.06,1.84,1.49,1.24
1480,Pillsbury,1.51,1.69,1.45,1.22
1481,Betty Crocker,2.03,1.68,1.50,1.24
1482,Betty Crocker,2.08,1.90,1.50,1.06
1483,Betty Crocker,1.95,1.76,1.50,1.24
1484,Betty Crocker,2.19,2.07,1.68,1.25
1485,Betty Crocker,2.23,2.07,1.68,1.27
1486,Betty Crocker,2.25,2.05,1.58,1.23
1487,Betty Crocker,2.26,2.07,1.57,1.28
1488,Duncan Hines,2.06,1.62,1.31,1.24
1489,Duncan Hines,2.04,1.69,1.16,1.22
1490,Duncan Hines,2.06,1.79,1.06,1.24
1491,Betty Crocker,1.94,1.77,1.06,1.22
1492,Pillsbury,2.28,1.57,1.50,1.10
1493,Betty Crocker,1.94,1.77,1.06,1.22
1494,Betty Crocker,1.53,1.69,1.47,1.10
1495,Betty Crocker,2.03,1.68,1.50,1.24
1496,Betty Crocker,2.06,1.84,1.49,1.24
1497,Pillsbury,2.28,1.57,1.50,1.10
1498,Pillsbury,1.93,1.58,1.31,1.24
1499,Private Label,2.04,1.62,1.31,1.24
1500,Private Label,2.06,1.66,1.31,1.24
1501,Private Label,1.93,1.72,1.50,1.24
1502,Betty Crocker,2.04,1.79,1.50,1.07
1503,Private Label,2.06,1.84,1.49,1.24
1504,Pillsbury,2.04,1.69,1.16,1.22
1505,Pillsbury,1.62,1.69,1.30,1.10
1506,Betty Crocker,1.76,1.56,1.48,1.24
1507,Private Label,1.76,1.56,1.48,1.24
1508,Pillsbury,1.95,1.77,1.50,1.24
1509,Private Label,2.14,2.07,1.68,1.23
1510,Private Label,2.25,2.05,1.58,1.23
1511,Betty Crocker,2.27,2.07,1.50,1.10
1512,Betty Crocker,1.92,1.83,1.31,1.22
1513,Betty Crocker,1.92,1.83,1.31,1.22
1514,Pillsbury,1.93,1.58,1.31,1.24
1515,Pillsbury,2.06,1.62,1.31,1.24
1516,Betty Crocker,2.04,1.69,1.16,1.22
1517,Betty Crocker,1.70,1.69,1.47,1.10
1518,Pillsbury,1.76,1.56,1.48,1.24
1519,Betty Crocker,1.95,1.90,1.50,1.24
1520,Betty Crocker,2.25,2.05,1.57,1.23
1521,Pillsbury,2.28,1.67,1.50,1.10
1522,Private Label,2.06,1.84,1.49,1.24
1523,Duncan Hines,2.02,1.67,1.16,1.22
1524,Private Label,2.04,1.62,1.31,1.24
1525,Betty Crocker,1.93,1.72,1.50,1.24
1526,Private Label,2.01,1.72,1.50,1.24
1527,Duncan Hines,2.04,1.72,1.50,1.24
1528,Duncan Hines,2.06,1.84,1.35,1.24
1529,Pillsbury,2.06,1.84,1.49,1.24
1530,Pillsbury,1.94,1.75,1.50,1.24
1531,Duncan Hines,2.02,1.67,1.16,1.22
1532,Pillsbury,1.74,1.69,1.47,1.24
1533,Duncan Hines,2.01,1.69,1.29,1.10
1534,Pillsbury,1.76,1.56,1.48,1.24
1535,Pillsbury,2.03,1.68,1.50,1.24
1536,Duncan Hines,2.08,1.81,1.50,1.06
1537,Betty Crocker,1.95,1.76,1.50,1.24
1538,Betty Crocker,1.95,1.77,1.50,1.24
1539,Pillsbury,1.95,1.48,1.50,1.23
1540,Duncan Hines,1.81,2.07,1.68,1.25
1541,Duncan Hines,2.25,2.05,1.57,1.23
1542,Betty Crocker,1.98,1.67,1.50,1.10
1543,Betty Crocker,2.07,1.82,1.50,1.30
1544,Betty Crocker,2.06,1.84,1.43,1.24
1545,Betty Crocker,1.53,1.69,1.47,1.10
1546,Pillsbury,1.95,1.90,1.50,1.24
1547,Pillsbury,2.06,1.79,1.38,1.24
1548,Betty Crocker,1.95,1.48,1.50,1.23
1549,Duncan Hines,2.12,1.88,1.62,1.24
1550,Pillsbury,1.93,1.68,1.31,1.24
1551,Betty Crocker,2.01,1.69,1.50,1.24
1552,Duncan Hines,2.03,1.69,1.50,1.24
1553,Duncan Hines,2.06,1.79,1.06,1.24
1554,Pillsbury,2.06,1.84,1.49,1.24
1555,Pillsbury,1.95,1.84,1.49,1.24
1556,Betty Crocker,1.94,1.84,1.50,1.24
1557,Duncan Hines,2.02,1.67,1.16,1.22
1558,Betty Crocker,1.53,1.69,1.47,1.10
1559,Pillsbury,2.08,1.81,1.50,1.06
1560,Betty Crocker,1.86,1.90,1.50,1.24
1561,Betty Crocker,1.86,1.90,1.50,1.24
1562,Betty Crocker,1.95,1.81,1.50,1.24
1563,Pillsbury,1.95,1.48,1.50,1.23
1564,Betty Crocker,2.06,1.64,1.50,1.30
1565,Betty Crocker,2.06,1.82,1.50,1.30
1566,Pillsbury,2.07,1.90,1.66,1.30
1567,Duncan Hines,1.92,1.83,1.31,1.21
1568,Duncan Hines,1.86,1.68,1.31,1.05
1569,Duncan Hines,2.06,1.79,1.38,1.24
1570,Duncan Hines,2.06,1.84,1.49,1.24
1571,Duncan Hines,1.95,1.84,1.49,1.24
1572,Duncan Hines,2.05,1.69,1.43,1.22
1573,Duncan Hines,2.01,1.69,1.29,1.10
1574,Duncan Hines,1.75,1.69,1.45,1.24
1575,Duncan Hines,2.08,1.69,1.50,1.24
1576,Duncan Hines,1.95,1.77,1.50,1.24
1577,Duncan Hines,2.01,1.73,1.50,1.23
1578,Duncan Hines,2.14,2.07,1.68,1.23
1579,Duncan Hines,2.19,2.07,1.68,1.25
1580,Duncan Hines,2.23,2.07,1.68,1.27
1581,Duncan Hines,2.25,2.05,1.58,1.23
1582,Duncan Hines,2.27,2.07,1.50,1.10
1583,Duncan Hines,2.06,1.82,1.50,1.30
1584,Pillsbury,2.07,1.82,1.50,1.30
1585,Pillsbury,2.26,2.05,1.57,1.23
1586,Private Label,1.95,1.78,1.50,1.24
1587,Duncan Hines,2.19,2.07,1.68,1.25
1588,Betty Crocker,1.86,1.90,1.50,1.24
1589,Private Label,2.06,1.64,1.50,1.26
1590,Betty Crocker,1.74,1.69,1.47,1.24
1591,Betty Crocker,1.95,1.90,1.50,1.24
1592,Duncan Hines,2.06,1.83,1.31,1.23
1593,Pillsbury,1.94,1.75,1.50,1.24
1594,Betty Crocker,1.86,1.68,1.31,1.05
1595,Betty Crocker,1.84,1.83,1.48,1.24
1596,Betty Crocker,1.53,1.69,1.47,1.10
1597,Betty Crocker,1.86,1.90,1.50,1.24
1598,Pillsbury,1.95,1.48,1.50,1.23
1599,Pillsbury,2.28,1.57,1.50,1.10
1600,Betty Crocker,1.92,1.83,1.31,1.22
1601,Betty Crocker,1.92,1.83,1.31,1.21
1602,Betty Crocker,1.86,1.68,1.31,1.05
1603,Duncan Hines,2.06,1.62,1.31,1.24
1604,Betty Crocker,2.06,1.84,1.49,1.24
1605,Private Label,1.95,1.84,1.49,1.24
1606,Betty Crocker,1.94,1.75,1.50,1.24
1607,Duncan Hines,2.02,1.67,1.16,1.22
1608,Pillsbury,1.70,1.69,1.47,1.10
1609,Duncan Hines,2.01,1.69,1.29,1.10
1610,Private Label,1.62,1.69,1.30,1.10
1611,Pillsbury,2.08,1.90,1.50,1.24
1612,Pillsbury,1.95,1.76,1.50,1.24
1613,Private Label,2.04,1.73,1.50,1.24
1614,Pillsbury,2.12,1.88,1.62,1.24
1615,Betty Crocker,2.19,2.07,1.68,1.25
1616,Private Label,2.23,1.86,1.68,1.26
1617,Duncan Hines,2.27,2.07,1.50,1.10
1618,Betty Crocker,2.28,1.67,1.50,1.10
1619,Duncan Hines,1.95,1.90,1.50,1.24
1620,Duncan Hines,1.95,1.90,1.50,1.24
1621,Betty Crocker,2.13,2.02,1.68,1.23
1622,Betty Crocker,1.84,1.83,1.48,1.24
1623,Duncan Hines,2.01,1.72,1.50,1.24
1624,Betty Crocker,2.06,1.84,1.43,1.24
1625,Duncan Hines,1.94,1.77,1.06,1.22
1626,Betty Crocker,1.76,1.56,1.48,1.24
1627,Duncan Hines,2.08,1.88,1.50,1.06
1628,Betty Crocker,1.95,1.90,1.50,1.24
1629,Pillsbury,2.04,1.81,1.50,1.24
1630,Betty Crocker,2.23,2.07,1.68,1.27
1631,Betty Crocker,2.27,2.07,1.50,1.10
1632,Pillsbury,2.06,1.83,1.31,1.05
1633,Duncan Hines,2.01,1.62,1.31,1.24
1634,Pillsbury,2.04,1.62,1.31,1.24
1635,Duncan Hines,1.94,1.77,1.06,1.22
1636,Betty Crocker,1.84,1.83,1.48,1.24
1637,Betty Crocker,1.86,1.90,1.50,1.24
1638,Betty Crocker,2.01,1.62,1.31,1.24
1639,Betty Crocker,1.84,1.83,1.48,1.24
1640,Betty Crocker,2.06,1.84,1.49,1.24
1641,Pillsbury,1.95,1.48,1.50,1.23
1642,Betty Crocker,2.23,2.07,1.68,1.26
1643,Duncan Hines,2.27,2.07,1.50,1.10
1644,Betty Crocker,1.86,1.68,1.31,1.05
1645,Pillsbury,2.23,1.51,1.68,1.27
1646,Pillsbury,2.07,1.82,1.50,1.30
1647,Betty Crocker,1.92,1.83,1.31,1.21
1648,Pillsbury,1.93,1.68,1.31,1.24
1649,Pillsbury,1.93,1.58,1.31,1.24
1650,Betty Crocker,1.74,1.69,1.47,1.24
1651,Betty Crocker,1.75,1.69,1.28,1.06
1652,Pillsbury,1.76,1.56,1.48,1.24
1653,Pillsbury,2.08,1.69,1.50,1.24
1654,Betty Crocker,1.95,1.77,1.50,1.24
1655,Betty Crocker,1.86,1.90,1.50,1.24
1656,Betty Crocker,2.01,1.73,1.50,1.23
1657,Betty Crocker,2.25,2.05,1.57,1.23
1658,Pillsbury,2.06,1.64,1.50,1.30
1659,Betty Crocker,1.92,1.83,1.31,1.21
1660,Duncan Hines,2.06,1.83,1.31,1.23
1661,Private Label,2.06,1.62,1.31,1.24
1662,Private Label,1.93,1.72,1.50,1.24
1663,Private Label,1.94,1.77,1.06,1.22
1664,Duncan Hines,1.75,1.69,1.28,1.06
1665,Private Label,2.03,1.68,1.50,1.24
1666,Duncan Hines,2.08,1.69,1.50,1.24
1667,Private Label,2.08,1.88,1.50,1.06
1668,Betty Crocker,1.95,1.90,1.50,1.24
1669,Duncan Hines,1.95,1.48,1.50,1.23
1670,Duncan Hines,2.01,1.73,1.50,1.23
1671,Duncan Hines,2.19,2.07,1.68,1.23
1672,Duncan Hines,2.19,2.07,1.68,1.25
1673,Duncan Hines,2.19,2.07,1.68,1.26
1674,Duncan Hines,2.23,2.04,1.68,1.24
1675,Duncan Hines,2.26,2.07,1.57,1.28
1676,Duncan Hines,2.07,1.90,1.66,1.30
1677,Private Label,2.06,1.84,1.49,1.24
1678,Private Label,2.08,1.90,1.50,1.06
1679,Betty Crocker,2.23,2.07,1.68,1.26
1680,Duncan Hines,2.07,1.90,1.66,1.30
1681,Betty Crocker,1.51,1.69,1.45,1.22
1682,Betty Crocker,1.62,1.69,1.30,1.10
1683,Betty Crocker,2.01,1.69,1.50,1.24
1684,Betty Crocker,1.81,2.07,1.68,1.25
1685,Betty Crocker,1.86,1.68,1.31,1.05
1686,Betty Crocker,1.84,1.83,1.48,1.24
1687,Betty Crocker,1.93,1.72,1.50,1.24
1688,Betty Crocker,2.04,1.72,1.50,1.24
1689,Betty Crocker,1.95,1.84,1.49,1.24
1690,Betty Crocker,1.53,1.69,1.47,1.10
1691,Betty Crocker,2.08,1.69,1.50,1.24
1692,Betty Crocker,1.95,1.90,1.50,1.24
1693,Betty Crocker,1.95,1.81,1.50,1.24
1694,Betty Crocker,1.95,1.76,1.50,1.24
1695,Betty Crocker,1.98,1.67,1.50,1.10
1696,Duncan Hines,2.06,1.84,1.43,1.24
1697,Pillsbury,1.74,1.69,1.47,1.24
1698,Betty Crocker,1.53,1.69,1.47,1.10
1699,Betty Crocker,2.26,2.07,1.57,1.28
1700,Duncan Hines,1.98,1.67,1.50,1.10
1701,Private Label,2.04,1.62,1.31,1.24
1702,Betty Crocker,1.84,1.83,1.48,1.24
1703,Duncan Hines,2.02,1.67,1.16,1.22
1704,Pillsbury,1.98,1.67,1.50,1.23
1705,Pillsbury,2.23,1.51,1.68,1.27
1706,Duncan Hines,2.26,2.07,1.57,1.28
1707,Duncan Hines,1.94,1.77,1.06,1.22
1708,Betty Crocker,1.84,1.83,1.48,1.24
1709,Duncan Hines,2.06,1.79,1.06,1.24
1710,Betty Crocker,1.62,1.69,1.30,1.10
1711,Pillsbury,1.93,1.58,1.31,1.24
1712,Betty Crocker,1.51,1.69,1.45,1.22
1713,Betty Crocker,1.53,1.69,1.47,1.10
1714,Betty Crocker,1.62,1.69,1.30,1.10
1715,Betty Crocker,1.86,1.90,1.50,1.24
1716,Betty Crocker,1.81,2.07,1.68,1.25
1717,Betty Crocker,1.98,1.67,1.50,1.10
1718,Duncan Hines,2.06,1.83,1.31,1.23
1719,Pillsbury,2.06,1.66,1.31,1.24
1720,Duncan Hines,1.84,1.83,1.48,1.24
1721,Duncan Hines,2.06,1.84,1.49,1.24
1722,Duncan Hines,1.94,1.84,1.50,1.24
1723,Duncan Hines,2.04,1.69,1.16,1.22
1724,Pillsbury,2.01,1.69,1.29,1.10
1725,Duncan Hines,2.03,1.69,1.50,1.24
1726,Pillsbury,2.03,1.68,1.50,1.24
1727,Duncan Hines,2.08,1.81,1.50,1.06
1728,Pillsbury,1.95,1.90,1.50,1.24
1729,Duncan Hines,1.95,1.78,1.50,1.24
1730,Duncan Hines,2.01,1.73,1.50,1.23
1731,Duncan Hines,2.13,2.02,1.68,1.23
1732,Betty Crocker,2.19,2.07,1.68,1.25
1733,Duncan Hines,2.23,2.07,1.68,1.27
1734,Duncan Hines,2.25,2.05,1.57,1.23
1735,Duncan Hines,2.26,2.07,1.57,1.28
1736,Duncan Hines,1.98,1.67,1.50,1.10
1737,Private Label,1.92,1.83,1.31,1.22
1738,Pillsbury,1.70,1.69,1.47,1.10
1739,Private Label,1.98,1.67,1.50,1.10
1740,Pillsbury,2.06,1.82,1.50,1.30
1741,Duncan Hines,1.93,1.72,1.50,1.24
1742,Betty Crocker,2.25,2.05,1.58,1.23
1743,Pillsbury,2.06,1.62,1.31,1.24
1744,Betty Crocker,1.84,1.83,1.48,1.24
1745,Betty Crocker,1.93,1.72,1.50,1.24
1746,Pillsbury,2.06,1.83,1.31,1.05
1747,Pillsbury,2.06,1.62,1.31,1.24
1748,Betty Crocker,2.23,2.04,1.68,1.24
1749,Betty Crocker,1.86,1.68,1.31,1.05
1750,Duncan Hines,2.06,1.79,1.06,1.24
1751,Pillsbury,2.06,1.84,1.49,1.24
1752,Duncan Hines,1.94,1.77,1.06,1.22
1753,Pillsbury,2.08,1.78,1.50,1.24
1754,Pillsbury,2.13,2.02,1.68,1.23
1755,Betty Crocker,1.98,1.67,1.50,1.10
1756,Betty Crocker,1.93,1.72,1.50,1.24
1757,Pillsbury,1.95,1.48,1.50,1.23
1758,Pillsbury,1.98,1.67,1.50,1.23
1759,Betty Crocker,1.92,1.83,1.31,1.22
1760,Duncan Hines,2.01,1.62,1.31,1.24
1761,Betty Crocker,1.84,1.83,1.48,1.24
1762,Duncan Hines,2.06,1.79,1.06,1.24
1763,Private Label,2.06,1.84,1.49,1.24
1764,Pillsbury,2.05,1.69,1.43,1.22
1765,Betty Crocker,1.53,1.69,1.47,1.10
1766,Private Label,2.08,1.69,1.50,1.24
1767,Duncan Hines,1.95,1.78,1.50,1.24
1768,Pillsbury,2.23,1.51,1.68,1.27
1769,Duncan Hines,2.27,2.07,1.50,1.10
1770,Betty Crocker,2.06,1.64,1.50,1.30
1771,Pillsbury,1.53,1.69,1.47,1.10
1772,Pillsbury,2.08,1.69,1.50,1.24
1773,Betty Crocker,2.03,1.75,1.50,1.24
1774,Betty Crocker,1.51,1.69,1.45,1.22
1775,Pillsbury,2.28,1.57,1.50,1.10
1776,Pillsbury,2.06,1.64,1.50,1.30
1777,Pillsbury,2.01,1.69,1.29,1.10
1778,Betty Crocker,1.86,1.90,1.50,1.24
1779,Betty Crocker,1.86,1.68,1.31,1.05
1780,Betty Crocker,2.06,1.62,1.31,1.24
1781,Betty Crocker,1.84,1.83,1.48,1.24
1782,Duncan Hines,2.08,1.90,1.50,1.06
1783,Private Label,2.08,1.90,1.50,1.24
1784,Duncan Hines,1.81,2.07,1.68,1.25
1785,Duncan Hines,1.92,1.83,1.31,1.21
1786,Private Label,2.00,1.83,1.31,1.21
1787,Private Label,1.86,1.68,1.31,1.05
1788,Pillsbury,1.93,1.58,1.31,1.24
1789,Pillsbury,2.06,1.62,1.31,1.24
1790,Pillsbury,2.05,1.79,1.50,1.07
1791,Private Label,2.01,1.69,1.29,1.10
1792,Private Label,1.75,1.69,1.28,1.06
1793,Private Label,1.76,1.56,1.48,1.24
1794,Pillsbury,2.03,1.68,1.50,1.24
1795,Private Label,2.08,1.81,1.50,1.06
1796,Private Label,2.08,1.90,1.50,1.06
1797,Pillsbury,2.28,1.67,1.50,1.10
1798,Duncan Hines,1.86,1.68,1.31,1.05
1799,Duncan Hines,2.12,1.88,1.62,1.24
1800,Duncan Hines,1.93,1.72,1.50,1.24
1801,Betty Crocker,2.08,1.88,1.50,1.06
1802,Duncan Hines,2.08,1.90,1.50,1.24
1803,Duncan Hines,1.95,1.78,1.50,1.24
1804,Duncan Hines,2.19,2.07,1.68,1.25
1805,Betty Crocker,2.01,1.69,1.50,1.24
1806,Pillsbury,1.93,1.72,1.50,1.24
1807,Pillsbury,2.06,1.84,1.49,1.24
1808,Betty Crocker,1.53,1.69,1.47,1.10
1809,Pillsbury,2.08,1.69,1.50,1.24
1810,Betty Crocker,2.06,1.83,1.31,1.23
1811,Betty Crocker,1.93,1.58,1.31,1.24
1812,Betty Crocker,2.06,1.66,1.31,1.24
1813,Betty Crocker,2.01,1.72,1.50,1.24
1814,Private Label,2.04,1.79,1.50,1.07
1815,Betty Crocker,2.06,1.84,1.43,1.24
1816,Betty Crocker,2.06,1.84,1.49,1.24
1817,Pillsbury,2.06,1.84,1.49,1.24
1818,Pillsbury,2.06,1.84,1.49,1.24
1819,Pillsbury,1.95,1.84,1.49,1.24
1820,Betty Crocker,1.94,1.77,1.06,1.22
1821,Pillsbury,2.02,1.67,1.16,1.22
1822,Private Label,2.04,1.69,1.16,1.22
1823,Betty Crocker,1.53,1.69,1.47,1.10
1824,Betty Crocker,1.53,1.69,1.47,1.10
1825,Betty Crocker,1.62,1.69,1.30,1.10
1826,Duncan Hines,1.75,1.69,1.45,1.24
1827,Private Label,2.03,1.75,1.50,1.24
1828,Betty Crocker,1.86,1.90,1.50,1.24
1829,Betty Crocker,1.95,1.90,1.50,1.24
1830,Betty Crocker,1.95,1.77,1.50,1.24
1831,Private Label,1.92,1.83,1.31,1.21
1832,Duncan Hines,2.02,1.67,1.16,1.22
1833,Pillsbury,2.28,1.57,1.50,1.10
1834,Pillsbury,1.95,1.90,1.50,1.24
1835,Betty Crocker,1.98,1.66,1.50,1.23
1836,Betty Crocker,1.93,1.68,1.31,1.24
1837,Private Label,2.04,1.62,1.31,1.24
1838,Betty Crocker,1.51,1.69,1.45,1.22
1839,Private Label,1.95,1.48,1.50,1.23
1840,Betty Crocker,1.81,2.07,1.68,1.25
1841,Pillsbury,2.23,1.51,1.68,1.27
1842,Pillsbury,2.23,1.51,1.68,1.27
1843,Betty Crocker,2.03,1.68,1.50,1.24
1844,Betty Crocker,1.98,1.66,1.50,1.23
1845,Betty Crocker,1.81,2.07,1.68,1.25
1846,Pillsbury,2.07,1.82,1.50,1.30
1847,Betty Crocker,1.51,1.69,1.45,1.22
1848,Private Label,2.23,1.86,1.68,1.26
1849,Pillsbury,2.04,1.62,1.31,1.24
1850,Duncan Hines,1.94,1.77,1.06,1.22
1851,Betty Crocker,2.00,1.83,1.31,1.21
1852,Pillsbury,1.93,1.58,1.31,1.24
1853,Betty Crocker,2.06,1.62,1.31,1.24
1854,Duncan Hines,2.02,1.67,1.16,1.22
1855,Betty Crocker,1.62,1.69,1.30,1.10
1856,Betty Crocker,1.95,1.48,1.50,1.23
1857,Betty Crocker,1.98,1.67,1.50,1.23
1858,Duncan Hines,2.06,1.79,1.06,1.24
1859,Betty Crocker,1.74,1.69,1.47,1.24
1860,Betty Crocker,1.75,1.69,1.45,1.24
1861,Pillsbury,2.28,1.57,1.50,1.10
1862,Duncan Hines,2.06,1.83,1.31,1.23
1863,Duncan Hines,1.94,1.77,1.06,1.22
1864,Duncan Hines,2.28,1.57,1.50,1.10
1865,Duncan Hines,2.06,1.79,1.06,1.24
1866,Duncan Hines,1.94,1.77,1.06,1.22
1867,Private Label,2.04,1.73,1.50,1.24
1868,Private Label,2.13,2.02,1.68,1.23
1869,Private Label,2.19,2.07,1.68,1.23
1870,Pillsbury,2.23,1.51,1.68,1.27
1871,Private Label,1.75,1.69,1.28,1.06
1872,Betty Crocker,2.08,1.88,1.50,1.06
1873,Private Label,2.27,2.07,1.50,1.10
1874,Duncan Hines,2.06,1.84,1.49,1.24
1875,Private Label,2.06,1.84,1.49,1.24
1876,Betty Crocker,2.25,2.05,1.57,1.23
1877,Betty Crocker,2.26,2.05,1.57,1.23
1878,Duncan Hines,2.06,1.84,1.35,1.24
1879,Duncan Hines,2.14,2.07,1.68,1.23
1880,Pillsbury,1.75,1.69,1.28,1.06
1881,Betty Crocker,2.08,1.69,1.50,1.24
1882,Private Label,2.27,2.07,1.50,1.10
1883,Pillsbury,2.01,1.62,1.31,1.24
1884,Pillsbury,2.03,1.68,1.50,1.24
1885,Betty Crocker,1.92,1.83,1.31,1.21
1886,Duncan Hines,2.04,1.72,1.50,1.24
1887,Pillsbury,1.51,1.69,1.45,1.22
1888,Private Label,1.95,1.90,1.50,1.24
1889,Betty Crocker,1.98,1.67,1.50,1.10
1890,Betty Crocker,2.07,1.90,1.66,1.30
1891,Duncan Hines,2.06,1.62,1.31,1.24
1892,Duncan Hines,2.06,1.79,1.38,1.24
1893,Betty Crocker,1.51,1.69,1.45,1.22
1894,Private Label,2.14,2.07,1.68,1.23
1895,Private Label,2.19,2.07,1.68,1.25
1896,Betty Crocker,2.19,2.07,1.68,1.25
1897,Betty Crocker,2.23,2.07,1.68,1.26
1898,Betty Crocker,2.26,2.05,1.57,1.27
1899,Betty Crocker,1.86,1.68,1.31,1.05
1900,Duncan Hines,1.93,1.68,1.31,1.24
1901,Betty Crocker,2.06,1.66,1.31,1.24
1902,Duncan Hines,2.06,1.79,1.06,1.24
1903,Betty Crocker,2.04,1.69,1.16,1.22
1904,Betty Crocker,2.06,1.62,1.31,1.24
1905,Betty Crocker,2.06,1.66,1.31,1.24
1906,Betty Crocker,1.84,1.83,1.48,1.24
1907,Pillsbury,1.93,1.72,1.50,1.24
1908,Betty Crocker,1.93,1.72,1.50,1.24
1909,Betty Crocker,2.01,1.72,1.50,1.24
1910,Betty Crocker,2.04,1.79,1.50,1.07
1911,Pillsbury,2.06,1.79,1.06,1.24
1912,Betty Crocker,2.06,1.84,1.35,1.24
1913,Duncan Hines,2.06,1.84,1.43,1.24
1914,Betty Crocker,2.06,1.84,1.49,1.24
1915,Pillsbury,2.06,1.84,1.49,1.24
1916,Betty Crocker,2.06,1.84,1.49,1.24
1917,Pillsbury,1.94,1.75,1.50,1.24
1918,Pillsbury,2.02,1.67,1.16,1.22
1919,Pillsbury,1.70,1.69,1.47,1.10
1920,Betty Crocker,1.75,1.69,1.45,1.24
1921,Pillsbury,2.01,1.69,1.50,1.24
1922,Pillsbury,2.03,1.69,1.50,1.24
1923,Pillsbury,2.03,1.75,1.50,1.24
1924,Pillsbury,2.08,1.88,1.50,1.06
1925,Pillsbury,1.95,1.76,1.50,1.24
1926,Betty Crocker,2.05,1.69,1.43,1.22
1927,Pillsbury,1.98,1.66,1.50,1.23
1928,Betty Crocker,1.86,1.68,1.31,1.05
1929,Duncan Hines,2.06,1.79,1.06,1.24
1930,Pillsbury,1.94,1.75,1.50,1.24
1931,Duncan Hines,1.94,1.77,1.06,1.22
1932,Betty Crocker,1.51,1.69,1.45,1.22
1933,Betty Crocker,1.53,1.69,1.47,1.10
1934,Pillsbury,1.95,1.48,1.50,1.23
1935,Duncan Hines,1.95,1.76,1.50,1.24
1936,Duncan Hines,2.25,2.05,1.58,1.23
1937,Duncan Hines,2.04,1.79,1.50,1.07
1938,Pillsbury,2.23,1.51,1.68,1.27
1939,Betty Crocker,1.94,1.84,1.50,1.24
1940,Betty Crocker,2.06,1.79,1.06,1.24
1941,Duncan Hines,2.08,1.90,1.50,1.24
1942,Duncan Hines,1.95,1.48,1.50,1.23
1943,Betty Crocker,1.86,1.68,1.31,1.05
1944,Betty Crocker,1.86,1.68,1.31,1.05
1945,Betty Crocker,2.07,1.90,1.66,1.30
1946,Betty Crocker,1.53,1.69,1.47,1.10
1947,Duncan Hines,2.07,1.82,1.50,1.30
1948,Duncan Hines,2.08,1.69,1.50,1.24
1949,Betty Crocker,2.03,1.69,1.50,1.24
1950,Betty Crocker,1.95,1.76,1.50,1.24
1951,Pillsbury,1.98,1.66,1.50,1.23
1952,Duncan Hines,2.23,2.07,1.68,1.27
1953,Duncan Hines,2.23,1.86,1.68,1.27
1954,Betty Crocker,1.62,1.69,1.30,1.10
1955,Pillsbury,1.76,1.56,1.48,1.24
1956,Pillsbury,2.28,1.67,1.50,1.10
1957,Pillsbury,2.06,1.64,1.50,1.30
1958,Duncan Hines,1.93,1.68,1.31,1.24
1959,Duncan Hines,1.95,1.90,1.50,1.24
1960,Betty Crocker,1.93,1.72,1.50,1.24
1961,Betty Crocker,2.27,2.07,1.50,1.10
1962,Betty Crocker,1.86,1.90,1.50,1.24
1963,Private Label,2.19,2.07,1.68,1.25
1964,Pillsbury,2.28,1.57,1.50,1.10
1965,Private Label,2.04,1.69,1.16,1.22
1966,Private Label,1.62,1.69,1.30,1.10
1967,Private Label,2.08,1.69,1.50,1.24
1968,Private Label,2.23,1.86,1.68,1.26
1969,Pillsbury,1.94,1.75,1.50,1.24
1970,Betty Crocker,1.51,1.69,1.45,1.22
1971,Pillsbury,1.76,1.56,1.48,1.24
1972,Pillsbury,1.95,1.48,1.50,1.23
1973,Betty Crocker,1.81,2.07,1.68,1.25
1974,Pillsbury,2.23,1.51,1.68,1.27
1975,Betty Crocker,2.25,2.05,1.57,1.23
1976,Pillsbury,2.28,1.57,1.50,1.10
1977,Betty Crocker,2.28,1.67,1.50,1.10
1978,Pillsbury,1.93,1.58,1.31,1.24
1979,Pillsbury,1.98,1.67,1.50,1.23
1980,Pillsbury,1.92,1.83,1.31,1.21
1981,Pillsbury,2.06,1.62,1.31,1.24
1982,Pillsbury,2.06,1.84,1.49,1.24
1983,Pillsbury,2.04,1.69,1.16,1.22
1984,Betty Crocker,1.92,1.83,1.31,1.22
1985,Betty Crocker,1.92,1.83,1.31,1.21
1986,Duncan Hines,2.06,1.79,1.06,1.24
1987,Pillsbury,1.94,1.75,1.50,1.24
1988,Pillsbury,2.02,1.67,1.16,1.22
1989,Pillsbury,2.26,2.05,1.57,1.27
1990,Pillsbury,2.06,1.64,1.50,1.30
1991,Pillsbury,1.93,1.68,1.31,1.24
1992,Pillsbury,1.93,1.72,1.50,1.24
1993,Betty Crocker,2.02,1.67,1.16,1.22
1994,Betty Crocker,2.01,1.69,1.29,1.10
1995,Betty Crocker,1.92,1.83,1.31,1.22
1996,Betty Crocker,1.51,1.69,1.45,1.22
1997,Private Label,2.08,1.69,1.50,1.24
1998,Betty Crocker,1.86,1.90,1.50,1.24
1999,Private Label,1.95,1.90,1.50,1.24
2000,Private Label,2.28,1.67,1.50,1.10
