"ID","price","bedrooms","bathrooms","lot_size","year_built","postal_code","borough"
1,314000,3,2,348,1988,"H1E4T3","Rivière-des-Prairies–Pointe-aux-Trembles"
2,629988,3,1,344,1951,"H4B2N7","Côte-des-Neiges–Notre-Dame-de-Grâce"
3,329000,3,2,485,1980,"H1A2Z7","Rivière-des-Prairies–Pointe-aux-Trembles"
4,429000,3,2,274,1985,"H1E5E5","Rivière-des-Prairies–Pointe-aux-Trembles"
5,429000,2,2,264,1943,"H1L4J3","Mercier–Hochelaga-Maisonneuve"
6,539000,3,2,345,1968,"H4J2B8","Ahuntsic-Cartierville"
7,449000,2,1,387,1946,"H2N1R6","Ahuntsic-Cartierville"
8,289000,3,2,381,1960,"H1E1Z5","Rivière-des-Prairies–Pointe-aux-Trembles"
9,579000,3,1,309,1986,"H1R3V6","Saint-Léonard"
10,389000,5,2,528,1989,"H9K1A3","Pierrefonds-Roxboro"
11,339000,3,1,372,1979,"H1E2E8","Rivière-des-Prairies–Pointe-aux-Trembles"
12,370000,4,2,520,1986,"H1C2A8","Rivière-des-Prairies–Pointe-aux-Trembles"
13,429900,4,1,455,1985,"H1A4Z7","Rivière-des-Prairies–Pointe-aux-Trembles"
14,319000,4,2,372,1956,"H1H3Y5","Montréal-Nord"
15,625000,4,1,590,1947,"H8T2E7","Lachine"
16,419000,3,1,779,1958,"H8Y1N7","Pierrefonds-Roxboro"
17,749000,3,2,383,1950,"H3M2W2","Ahuntsic-Cartierville"
18,775000,5,3,897,1994,"H9E1S1","L'Île-Bizard–Sainte-Geneviève"
19,1489000,5,4,534,1950,"H3W1Y7","Côte-des-Neiges–Notre-Dame-de-Grâce"
20,359000,3,1,504,1984,"H9C2P9","L'Île-Bizard–Sainte-Geneviève"
21,695000,3,1,238,1885,"H3K1C8","Le Sud-Ouest"
22,469000,2,1,180,1992,"H1K5C8","Mercier–Hochelaga-Maisonneuve"
23,339000,3,1,172,1991,"H1E7C7","Rivière-des-Prairies–Pointe-aux-Trembles"
24,429900,3,1,211,1959,"H2C2W8","Ahuntsic-Cartierville"
25,695000,4,2,421,1915,"H1K2J3","Mercier–Hochelaga-Maisonneuve"
26,625000,3,1,348,1953,"H2C3E2","Ahuntsic-Cartierville"
27,1475000,6,4,1189,2000,"H9C2X2","L'Île-Bizard–Sainte-Geneviève"
28,225000,3,2,465,1945,"H1A2C2","Rivière-des-Prairies–Pointe-aux-Trembles"
29,524900,4,2,697,1974,"H9H1H7","Pierrefonds-Roxboro"
30,509500,3,1,347,1986,"H1K4Y7","Anjou"
31,409000,4,2,557,1988,"H9K1E8","Pierrefonds-Roxboro"
32,389900,3,1,393,1948,"H4L3Z4","Saint-Laurent"
33,368000,3,2,239,1992,"H9J1W4","Pierrefonds-Roxboro"
34,329000,3,1,300,1876,"H2C2T2","Ahuntsic-Cartierville"
35,218000,3,1,142,1970,"H1B3B4","Rivière-des-Prairies–Pointe-aux-Trembles"
36,1295000,5,3,829,1987,"H4K2W3","Ahuntsic-Cartierville"
37,388000,4,1,177,1974,"H4K1T5","Saint-Laurent"
38,649000,5,2,480,1987,"H9J3N5","Pierrefonds-Roxboro"
39,529000,3,2,437,1953,"H4L4R7","Saint-Laurent"
40,499000,2,1,856,1700,"H9H3A3","L'Île-Bizard–Sainte-Geneviève"
41,349000,4,1,172,1992,"H1E7E9","Rivière-des-Prairies–Pointe-aux-Trembles"
42,274900,2,1,202,1920,"H1L2C6","Mercier–Hochelaga-Maisonneuve"
43,279000,3,1,211,1917,"H2A2Y6","Villeray–Saint-Michel–Parc-Extension"
44,299900,3,2,257,1910,"H8R1E1","Lachine"
45,239900,2,1,157,1997,"H1A5P5","Rivière-des-Prairies–Pointe-aux-Trembles"
46,479000,4,1,502,1966,"H1B1X5","Rivière-des-Prairies–Pointe-aux-Trembles"
47,319000,2,1,195,1922,"H1N2L9","Mercier–Hochelaga-Maisonneuve"
48,399000,3,2,147,1973,"H1M1Y2","Anjou"
49,460000,6,2,523,1982,"H1E4A5","Rivière-des-Prairies–Pointe-aux-Trembles"
50,1125000,3,2,200,1900,"H2V2J9","Le Plateau-Mont-Royal"
51,1499900,3,1,1559,1910,"H3X2S5","Côte-des-Neiges–Notre-Dame-de-Grâce"
52,629000,4,2,381,2000,"H8Y3R3","Pierrefonds-Roxboro"
53,1195000,4,2,1504,2001,"H8Z1G3","Pierrefonds-Roxboro"
54,598382.7885,4,2,1951,1958,"H8Z2T7","Pierrefonds-Roxboro"
55,475000,4,2,452,1984,"H1E4L8","Rivière-des-Prairies–Pointe-aux-Trembles"
56,889000,3,3,680,2003,"H1E3N8","Rivière-des-Prairies–Pointe-aux-Trembles"
57,624900,2,1,145,1875,"H2W2B4","Le Plateau-Mont-Royal"
58,219500,3,1,738,1983,"H1C1S5","Rivière-des-Prairies–Pointe-aux-Trembles"
59,519000,3,1,337,1998,"H1J2Y4","Anjou"
60,1289000,5,3,964,1971,"H1G5X1","Montréal-Nord"
61,369000,4,2,192,1984,"H8S2W1","Lachine"
62,449000,4,2,553,1950,"H9C1H7","L'Île-Bizard–Sainte-Geneviève"
63,489000,3,2,585,1980,"H1E2E3","Rivière-des-Prairies–Pointe-aux-Trembles"
64,765000,4,3,503,1955,"H4V2H7","Côte-des-Neiges–Notre-Dame-de-Grâce"
65,1329000,5,3,317,1931,"H3W2H9","Côte-des-Neiges–Notre-Dame-de-Grâce"
66,739000,3,1,255,1983,"H2M2L7","Ahuntsic-Cartierville"
67,589000,3,2,1589,1953,"H1A2B6","Rivière-des-Prairies–Pointe-aux-Trembles"
68,579000,5,2,593,1991,"H9K1J8","Pierrefonds-Roxboro"
69,399000,3,2,302,1942,"H4L2Y9","Saint-Laurent"
70,819000,4,3,663,1980,"H3L3H5","Ahuntsic-Cartierville"
71,799000,3,1,257,1985,"H2M2L7","Ahuntsic-Cartierville"
72,838888,4,3,204,1980,"H3E1L2","Verdun"
73,339000,3,1,289,1983,"H1E6B8","Rivière-des-Prairies–Pointe-aux-Trembles"
74,459325.125,3,1,446,1959,"H9H1B9","L'Île-Bizard–Sainte-Geneviève"
75,499999,3,2,650,1963,"H8Z1N1","Pierrefonds-Roxboro"
76,469000,3,1,465,1954,"H8T2T9","Lachine"
77,649900,4,2,363,1985,"H1A5S7","Rivière-des-Prairies–Pointe-aux-Trembles"
78,949000,2,2,53,1915,"H2L3Z8","Le Plateau-Mont-Royal"
79,699000,3,2,4270,1831,"H9K1B7","Pierrefonds-Roxboro"
80,550000,3,1,473,1949,"H3X3S1","Côte-des-Neiges–Notre-Dame-de-Grâce"
81,459000,2,2,201,1947,"H2E1R6","Villeray–Saint-Michel–Parc-Extension"
82,499000,4,1,591,1968,"H9H1W3","Pierrefonds-Roxboro"
83,495000,3,2,334,1987,"H1K5A9","Mercier–Hochelaga-Maisonneuve"
84,849000,4,2,465,1944,"H1T2X1","Rosemont–La Petite-Patrie"
85,359000,4,1,609,1962,"H8Z2A3","Pierrefonds-Roxboro"
86,1149000,6,2,293,1959,"H3L2S2","Ahuntsic-Cartierville"
87,388000,3,1,339,1973,"H1M1Y2","Anjou"
88,499000,4,1,438,1956,"H8T1M4","Lachine"
89,550000,3,1,434,1952,"H1T1M7","Rosemont–La Petite-Patrie"
90,549000,3,1,179,1990,"H8T3M9","Lachine"
91,449000,3,2,780,1966,"H9E1E9","L'Île-Bizard–Sainte-Geneviève"
92,289900,3,1,274,1959,"H1G1H4","Montréal-Nord"
93,341000,4,2,195,1956,"H1N2K4","Mercier–Hochelaga-Maisonneuve"
94,830000,3,1,134,1986,"H3J2S7","Le Sud-Ouest"
95,419000,2,2,372,1951,"H1Z1X5","Villeray–Saint-Michel–Parc-Extension"
96,799000,4,3,947,1924,"H4K1C8","Ahuntsic-Cartierville"
97,439000,4,1,623,1958,"H9J1H4","Pierrefonds-Roxboro"
98,649900,3,1,246,1951,"H4H1Z1","Verdun"
99,334000,4,1,664,1956,"H1A2W1","Rivière-des-Prairies–Pointe-aux-Trembles"
100,389000,4,3,784,1953,"H1A1N7","Rivière-des-Prairies–Pointe-aux-Trembles"
101,849000,4,3,837,1951,"H8T2X1","Lachine"
102,549000,4,3,661,1940,"H1A2B2","Rivière-des-Prairies–Pointe-aux-Trembles"
103,1175000,5,3,278,1921,"H4A3K8","Côte-des-Neiges–Notre-Dame-de-Grâce"
104,699000,3,1,621,1946,"H4H2S6","Verdun"
105,1285000,4,1,224,1941,"H2V3J6","Outremont"
106,799000,3,1,297,1909,"H3K1R9","Le Sud-Ouest"
107,849000,5,2,361,1934,"H4L3V3","Saint-Laurent"
108,595000,1,1,99,1870,"H2L3A9","Ville-Marie"
109,759000,6,3,740,2002,"H9C2Z8","L'Île-Bizard–Sainte-Geneviève"
110,475000,2,1,2515,1958,"H9C1H1","L'Île-Bizard–Sainte-Geneviève"
111,335000,5,2,511,1974,"H9H3N5","Pierrefonds-Roxboro"
112,899000,4,3,604,2000,"H1R2G1","Saint-Léonard"
113,255000,4,2,231,1965,"H1B4N1","Rivière-des-Prairies–Pointe-aux-Trembles"
114,689000,4,2,428,2012,"H1H4T1","Montréal-Nord"
115,475000,2,2,641,1959,"H9H2H5","Pierrefonds-Roxboro"
116,725000,3,1,286,1949,"H3L2W4","Ahuntsic-Cartierville"
117,524900,4,2,717,1965,"H9A2T8","Pierrefonds-Roxboro"
118,975000,4,2,203,1915,"H4A2S3","Côte-des-Neiges–Notre-Dame-de-Grâce"
119,898000,4,3,199,1993,"H3E1W2","Verdun"
120,1150000,4,3,2053,1720,"H8T2T4","Lachine"
121,579000,4,1,437,1950,"H4E2X7","Le Sud-Ouest"
122,399900,2,1,442,1957,"H8P2V1","LaSalle"
123,535000,5,2,610,1965,"H9H2C2","Pierrefonds-Roxboro"
124,349900,3,1,333,1982,"H9H3Z1","Pierrefonds-Roxboro"
125,548000,4,2,502,1965,"H9H1S6","Pierrefonds-Roxboro"
126,389000,4,1,239,1965,"H1L4C7","Mercier–Hochelaga-Maisonneuve"
127,499000,4,2,594,1981,"H1E4E8","Rivière-des-Prairies–Pointe-aux-Trembles"
128,1495000,5,2,221,1919,"H4A2S4","Côte-des-Neiges–Notre-Dame-de-Grâce"
129,345000,3,2,469,1983,"H1E4S3","Rivière-des-Prairies–Pointe-aux-Trembles"
130,729000,5,3,747,1988,"H1L3L8","Mercier–Hochelaga-Maisonneuve"
131,599000,3,3,864,1990,"H9C2V3","L'Île-Bizard–Sainte-Geneviève"
132,1250000,4,2,139,1875,"H3J2A9","Le Sud-Ouest"
133,369200,3,1,462,1985,"H1A2K1","Rivière-des-Prairies–Pointe-aux-Trembles"
134,399900,3,2,264,1985,"H1E5C2","Rivière-des-Prairies–Pointe-aux-Trembles"
135,459000,3,2,712,1973,"H9H1T9","Pierrefonds-Roxboro"
136,1089963,3,2,357,1875,"H2L2Y3","Ville-Marie"
137,424000,3,1,524,1951,"H8R3J8","LaSalle"
138,1495000,4,2,283,1875,"H2W1W6","Le Plateau-Mont-Royal"
139,658000,3,1,409,1870,"H2L2X2","Ville-Marie"
140,629000,4,2,585,1970,"H4K2C4","Ahuntsic-Cartierville"
141,548900,4,1,489,2004,"H1C2K3","Rivière-des-Prairies–Pointe-aux-Trembles"
142,445000,4,1,456,1961,"H1K1E2","Anjou"
143,885000,4,2,483,1949,"H4B2X6","Côte-des-Neiges–Notre-Dame-de-Grâce"
144,649900,5,3,736,1988,"H1A2B6","Rivière-des-Prairies–Pointe-aux-Trembles"
145,485000,3,2,468,1986,"H1E5S5","Rivière-des-Prairies–Pointe-aux-Trembles"
146,499999,3,2,502,1962,"H8Z2S2","Pierrefonds-Roxboro"
147,1455000,4,3,178,1926,"H4A1M7","Côte-des-Neiges–Notre-Dame-de-Grâce"
148,928600,3,3,184,1952,"H4H1Y4","Verdun"
149,649000,3,1,177,1999,"H8P1C3","LaSalle"
150,624500,4,2,564,1949,"H2B2J2","Ahuntsic-Cartierville"
151,399000,3,1,455,1987,"H1E5Z2","Rivière-des-Prairies–Pointe-aux-Trembles"
152,280000,2,1,520,1949,"H8Y2M5","Pierrefonds-Roxboro"
153,379000,3,2,413,1958,"H1G5C1","Montréal-Nord"
154,1088800,6,2,602,1953,"H3M2V1","Ahuntsic-Cartierville"
155,419000,4,2,542,1981,"H1A4B5","Rivière-des-Prairies–Pointe-aux-Trembles"
156,379000,3,1,213,1910,"H4E2Z6","Le Sud-Ouest"
157,675000,4,2,478,1964,"H3M2S6","Ahuntsic-Cartierville"
158,1195000,5,3,829,1987,"H4K2W3","Ahuntsic-Cartierville"
159,818000,4,3,740,2003,"H9C3A5","L'Île-Bizard–Sainte-Geneviève"
160,365000,3,2,339,1964,"H1G4N2","Montréal-Nord"
161,690000,4,2,457,2002,"H8Z3J9","Pierrefonds-Roxboro"
162,435000,3,1,559,1985,"H9J3C3","Pierrefonds-Roxboro"
163,325000,4,1,397,1966,"H1G2A8","Montréal-Nord"
164,589000,4,2,446,1920,"H8S1V8","Lachine"
165,699900,4,2,475,1963,"H1P1K7","Saint-Léonard"
166,529000,2,1,145,1875,"H3K1N4","Le Sud-Ouest"
167,349000,4,2,308,1964,"H1K2X8","Anjou"
168,449000,3,2,780,1966,"H9E1E9","L'Île-Bizard–Sainte-Geneviève"
169,1149000,3,2,875,1999,"H1C1B1","Rivière-des-Prairies–Pointe-aux-Trembles"
170,459000,4,2,652,1962,"H8Z1C8","Pierrefonds-Roxboro"
171,319000,3,1,298,1990,"H1C2E3","Rivière-des-Prairies–Pointe-aux-Trembles"
172,259900,2,1,232,1910,"H1L5C1","Mercier–Hochelaga-Maisonneuve"
173,335000,3,1,297,1984,"H1C1S1","Rivière-des-Prairies–Pointe-aux-Trembles"
174,889000,3,2,130,1900,"H4C1X5","Le Sud-Ouest"
175,399000,3,2,316,1984,"H1E5W1","Rivière-des-Prairies–Pointe-aux-Trembles"
176,389000,3,2,486,1987,"H1A4J5","Rivière-des-Prairies–Pointe-aux-Trembles"
177,649500,4,2,532,1974,"H4K1E2","Ahuntsic-Cartierville"
178,395000,4,2,123,1928,"H8P2L8","LaSalle"
179,545000,4,4,285,1967,"H8N2T8","LaSalle"
180,799000,3,1,297,1909,"H3K1R9","Le Sud-Ouest"
181,750000,3,2,565,1967,"H8T2A6","Lachine"
182,1198000,5,3,1459,1951,"H9C1C7","L'Île-Bizard–Sainte-Geneviève"
183,479888,4,1,356,1942,"H4L3B4","Saint-Laurent"
184,424000,4,2,559,1983,"H9J3C3","Pierrefonds-Roxboro"
185,414500,3,1,426,1973,"H1K4C5","Anjou"
186,749000,4,2,604,1976,"H9A2W2","Pierrefonds-Roxboro"
187,549900,4,2,327,1985,"H1R3V7","Saint-Léonard"
188,844000,4,1,382,1948,"H1X2V5","Rosemont–La Petite-Patrie"
189,579000,5,1,382,1954,"H4L4M7","Saint-Laurent"
190,968000,3,1,264,1920,"H4A2L1","Côte-des-Neiges–Notre-Dame-de-Grâce"
191,640000,4,2,452,1963,"H3M1R4","Ahuntsic-Cartierville"
192,588000,4,2,711,1999,"H9C2Y7","L'Île-Bizard–Sainte-Geneviève"
193,499000,3,2,650,1968,"H9J1Y8","Pierrefonds-Roxboro"
194,799000,4,2,449,1947,"H1T2Y4","Rosemont–La Petite-Patrie"
195,748000,4,2,437,1950,"H4V2K6","Côte-des-Neiges–Notre-Dame-de-Grâce"
196,1398000,6,3,256,1893,"H3H2H5","Ville-Marie"
197,309000,3,1,212,1945,"H8S3C4","Lachine"
198,887000,4,2,530,1990,"H9H2A7","Pierrefonds-Roxboro"
199,399900,4,2,514,1981,"H1E4C2","Rivière-des-Prairies–Pointe-aux-Trembles"
200,730000,5,2,445,1959,"H1K1P8","Anjou"
201,479000,3,2,285,1974,"H1T3R5","Saint-Léonard"
202,1495000,4,2,221,1919,"H4A2S4","Côte-des-Neiges–Notre-Dame-de-Grâce"
203,925000,4,2,263,1929,"H4A2Z7","Côte-des-Neiges–Notre-Dame-de-Grâce"
204,299900,4,2,465,1962,"H1B3V2","Rivière-des-Prairies–Pointe-aux-Trembles"
205,525000,4,2,595,1980,"H8Z3E5","Pierrefonds-Roxboro"
206,489000,5,2,758,1981,"H1E2G2","Rivière-des-Prairies–Pointe-aux-Trembles"
207,659000,3,2,276,1950,"H4B2N9","Côte-des-Neiges–Notre-Dame-de-Grâce"
208,450000,4,2,697,1958,"H8Y3B1","Pierrefonds-Roxboro"
209,849000,5,2,86,1900,"H3J1B2","Ville-Marie"
210,438000,4,2,218,1993,"H8S4L6","Lachine"
211,419000,4,2,720,1985,"H9C2R2","L'Île-Bizard–Sainte-Geneviève"
212,295000,3,2,436,1958,"H1B4L7","Rivière-des-Prairies–Pointe-aux-Trembles"
213,499000,4,1,309,1964,"H1K1B2","Anjou"
214,588000,2,1,256,1949,"H4E1Z9","Le Sud-Ouest"
215,264900,2,2,231,1966,"H1B3P4","Rivière-des-Prairies–Pointe-aux-Trembles"
216,378800,3,2,452,1975,"H1G1Y2","Montréal-Nord"
217,399000,2,1,397,1948,"H4L3Z6","Saint-Laurent"
218,739000,5,1,401,1961,"H2E2W7","Villeray–Saint-Michel–Parc-Extension"
219,699000,3,1,125,1885,"H2L4H8","Le Plateau-Mont-Royal"
220,879000,4,3,481,1972,"H3M1T7","Ahuntsic-Cartierville"
221,749000,3,1,177,1982,"H3J2N8","Le Sud-Ouest"
222,1420000,4,2,345,1991,"H3E1V3","Verdun"
223,429000,2,1,642,1988,"H9J3C4","Pierrefonds-Roxboro"
224,589000,5,1,395,1953,"H4J2B4","Ahuntsic-Cartierville"
225,558364.59,4,2,1951,1958,"H8Z2T7","Pierrefonds-Roxboro"
226,459000,2,1,342,1946,"H4E3G7","Le Sud-Ouest"
227,1249000,5,3,1004,1956,"H3L1K4","Ahuntsic-Cartierville"
228,1148000,5,2,362,1910,"H4A3N6","Côte-des-Neiges–Notre-Dame-de-Grâce"
229,359000,2,1,348,1932,"H8S2Y3","Lachine"
230,334000,5,2,431,1960,"H1A2N8","Rivière-des-Prairies–Pointe-aux-Trembles"
231,685000,6,3,613,1975,"H9C1R7","L'Île-Bizard–Sainte-Geneviève"
232,299000,2,1,578,1890,"H9H1E4","L'Île-Bizard–Sainte-Geneviève"
233,545800,4,2,465,1955,"H8T1E7","Lachine"
234,464900,3,2,871,1955,"H8Y1J4","Pierrefonds-Roxboro"
235,434500,2,1,251,1984,"H1K4V2","Mercier–Hochelaga-Maisonneuve"
236,459000,3,1,209,1989,"H8S3J5","Lachine"
237,868000,3,2,175,1928,"H2E2M2","Villeray–Saint-Michel–Parc-Extension"
238,889000,5,2,238,1974,"H4A2L4","Côte-des-Neiges–Notre-Dame-de-Grâce"
239,319900,3,2,321,1990,"H1A5H2","Rivière-des-Prairies–Pointe-aux-Trembles"
240,399000,4,1,231,1977,"H4K1R3","Ahuntsic-Cartierville"
241,429000,5,1,743,1957,"H8Z2W2","Pierrefonds-Roxboro"
242,328000,3,1,460,1959,"H1G4X3","Montréal-Nord"
243,569900,3,2,432,1992,"H1E7C3","Rivière-des-Prairies–Pointe-aux-Trembles"
244,409000,2,1,418,1956,"H1K2H2","Mercier–Hochelaga-Maisonneuve"
245,679000,4,2,499,1950,"H8T2J6","Lachine"
246,529900,3,1,400,2003,"H1C2K5","Rivière-des-Prairies–Pointe-aux-Trembles"
247,935000,5,3,1169,1985,"H1A5B4","Rivière-des-Prairies–Pointe-aux-Trembles"
248,428000,4,1,372,1951,"H1Z3Y1","Villeray–Saint-Michel–Parc-Extension"
249,318000,4,1,444,1948,"H8S3K5","Lachine"
250,899000,6,2,753,1966,"H1T1X5","Rosemont–La Petite-Patrie"
251,749000,4,2,465,1949,"H8T2S6","Lachine"
252,668000,4,2,196,1910,"H4E1N8","Le Sud-Ouest"
253,575000,5,2,929,1956,"H8Y2H7","Pierrefonds-Roxboro"
254,549000,3,2,342,1964,"H1K1Z2","Mercier–Hochelaga-Maisonneuve"
255,299000,3,1,174,1985,"H1A3T3","Rivière-des-Prairies–Pointe-aux-Trembles"
256,798000,3,1,553,1962,"H8T2C3","Lachine"
257,525000,4,3,462,1951,"H9H1B7","L'Île-Bizard–Sainte-Geneviève"
258,894000,3,3,774,1987,"H4K2Y4","Ahuntsic-Cartierville"
259,639000,4,2,465,1954,"H4M1W5","Saint-Laurent"
260,669000,4,2,604,1966,"H9H2B3","Pierrefonds-Roxboro"
261,349000,3,2,209,1955,"H8S3G2","Lachine"
262,499000,4,2,475,1967,"H1P1M7","Saint-Léonard"
263,699000,4,2,556,1977,"H8R3Z3","LaSalle"
264,769000,3,2,565,1967,"H8T2A6","Lachine"
265,509900,5,2,502,1966,"H9H2C7","Pierrefonds-Roxboro"
266,659000,3,2,116,1910,"H4C2J3","Le Sud-Ouest"
267,726000,5,3,465,1957,"H4M1R1","Saint-Laurent"
268,568000,4,1,481,1990,"H9H4W7","Pierrefonds-Roxboro"
269,305000,3,1,273,1975,"H8Z3A5","Pierrefonds-Roxboro"
270,619000,3,2,1602,1983,"H9E1K5","L'Île-Bizard–Sainte-Geneviève"
271,369000,3,1,335,1992,"H1A5J4","Rivière-des-Prairies–Pointe-aux-Trembles"
272,389000,3,1,409,1959,"H1G5H9","Montréal-Nord"
273,319800,5,1,757,1955,"H1A1H1","Rivière-des-Prairies–Pointe-aux-Trembles"
274,399000,4,1,209,1952,"H1K2W5","Mercier–Hochelaga-Maisonneuve"
275,369000,4,2,599,1979,"H1B4E8","Rivière-des-Prairies–Pointe-aux-Trembles"
276,449900,3,1,2070,1982,"H9E1K5","L'Île-Bizard–Sainte-Geneviève"
277,569000,4,3,438,2001,"H9K1P6","Pierrefonds-Roxboro"
278,399000,3,1,273,1977,"H1J2E3","Anjou"
279,799900,5,2,792,1993,"H9C2X2","L'Île-Bizard–Sainte-Geneviève"
280,725000,4,3,384,1962,"H3M1R5","Ahuntsic-Cartierville"
281,395000,4,2,255,1967,"H8N2A2","LaSalle"
282,364900,4,2,445,1959,"H9J1H6","Pierrefonds-Roxboro"
283,398000,2,1,455,1995,"H9E1H2","L'Île-Bizard–Sainte-Geneviève"
284,469900,3,1,152,1984,"H8R2L4","LaSalle"
285,629000,5,3,924,1989,"H9C2T5","L'Île-Bizard–Sainte-Geneviève"
286,895000,3,2,1771,1983,"H9C2K9","L'Île-Bizard–Sainte-Geneviève"
287,259800,3,2,378,1970,"H1A3E5","Rivière-des-Prairies–Pointe-aux-Trembles"
288,719000,3,1,334,1951,"H4V2K8","Côte-des-Neiges–Notre-Dame-de-Grâce"
289,1175000,5,2,278,1921,"H4A3K8","Côte-des-Neiges–Notre-Dame-de-Grâce"
290,419000,3,2,376,1976,"H1E1Z4","Rivière-des-Prairies–Pointe-aux-Trembles"
291,477000,4,2,348,1945,"H2A2E1","Villeray–Saint-Michel–Parc-Extension"
292,969000,4,3,608,1985,"H4K2Y5","Ahuntsic-Cartierville"
293,725000,4,2,465,1950,"H3X3S7","Côte-des-Neiges–Notre-Dame-de-Grâce"
294,265000,3,1,225,2001,"H1A5K7","Rivière-des-Prairies–Pointe-aux-Trembles"
295,359900,4,2,365,1915,"H8S3V8","Lachine"
296,399000,4,2,595,1958,"H9H1P5","Pierrefonds-Roxboro"
297,1228000,5,2,205,1922,"H3C2G8","Côte-des-Neiges–Notre-Dame-de-Grâce"
298,235000,3,1,279,1974,"H1E2V1","Rivière-des-Prairies–Pointe-aux-Trembles"
299,279900,4,1,335,1971,"H1G1M6","Montréal-Nord"
300,499000,3,1,475,1952,"H8T2X7","Lachine"
301,389000,4,1,355,1949,"H1L4J8","Mercier–Hochelaga-Maisonneuve"
302,499900,3,2,502,1953,"H4L1N6","Saint-Laurent"
303,469000,3,1,288,1981,"H1J2H5","Anjou"
304,469000,4,2,418,1965,"H1P1G8","Saint-Léonard"
305,449000,4,2,655,1964,"H8Z2N6","Pierrefonds-Roxboro"
306,429000,5,2,526,1987,"H1A1Y2","Rivière-des-Prairies–Pointe-aux-Trembles"
307,1399000,3,1,139,1875,"H2W2H9","Le Plateau-Mont-Royal"
308,459000,4,2,412,1953,"H1N3J7","Mercier–Hochelaga-Maisonneuve"
309,419000,5,2,502,1950,"H4L2Y1","Saint-Laurent"
310,449000,3,1,794,1946,"H8R2G6","LaSalle"
311,449000,4,1,395,1953,"H4J2B1","Ahuntsic-Cartierville"
312,729000,4,2,463,1972,"H1P1G8","Saint-Léonard"
313,1250000,4,2,139,1875,"H3J2A9","Le Sud-Ouest"
314,379900,3,2,193,1952,"H1V1R9","Mercier–Hochelaga-Maisonneuve"
315,479900,4,1,466,1960,"H2B2A6","Ahuntsic-Cartierville"
316,399900,4,2,620,1987,"H1C2A6","Rivière-des-Prairies–Pointe-aux-Trembles"
317,1050000,5,3,850,1957,"H4M2A1","Saint-Laurent"
318,479000,5,2,321,1961,"H4L4T2","Saint-Laurent"
319,449999,3,1,231,1944,"H8P1C3","LaSalle"
320,349000,4,2,323,1989,"H1C2B4","Rivière-des-Prairies–Pointe-aux-Trembles"
321,639000,3,1,474,1959,"H8T2B3","Lachine"
322,689000,3,1,344,1952,"H4V2N7","Côte-des-Neiges–Notre-Dame-de-Grâce"
323,419000,3,2,638,1958,"H9J1H5","Pierrefonds-Roxboro"
324,849000,4,2,338,1925,"H4B2B8","Côte-des-Neiges–Notre-Dame-de-Grâce"
325,439000,3,1,465,1951,"H8T2S4","Lachine"
326,339000,3,1,604,1975,"H9H3Y8","Pierrefonds-Roxboro"
327,1149000,6,3,507,1982,"H4K2M5","Ahuntsic-Cartierville"
328,875000,5,2,215,1935,"H4B2G8","Côte-des-Neiges–Notre-Dame-de-Grâce"
329,599000,3,2,203,1910,"H1X2J3","Rosemont–La Petite-Patrie"
330,949000,5,3,547,1989,"H1R3Y2","Saint-Léonard"
331,1075000,4,2,208,1995,"H4R2S4","Saint-Laurent"
332,387700,3,1,176,1986,"H1E6W8","Rivière-des-Prairies–Pointe-aux-Trembles"
333,240500,4,1,168,1970,"H1A1J2","Rivière-des-Prairies–Pointe-aux-Trembles"
334,625000,4,2,325,1949,"H4L3E9","Saint-Laurent"
335,1147450.5,4,2,1482,1986,"H2L2Y3","Ville-Marie"
336,759000,3,3,780,1974,"H9H1A1","L'Île-Bizard–Sainte-Geneviève"
337,995000,4,3,443,1940,"H8R2S9","LaSalle"
338,339000,3,1,199,1989,"H1K2V3","Anjou"
339,379000,4,1,686,1964,"H9J1Z2","Pierrefonds-Roxboro"
340,555000,3,2,537,1950,"H4E3E2","Le Sud-Ouest"
341,399000,4,2,339,1981,"H1E1Y2","Rivière-des-Prairies–Pointe-aux-Trembles"
342,789000,5,2,692,1983,"H1E4P4","Rivière-des-Prairies–Pointe-aux-Trembles"
343,634900,4,2,608,1951,"H4J2K3","Ahuntsic-Cartierville"
344,762000,4,1,526,1955,"H4M1Y5","Saint-Laurent"
345,439900,3,1,2070,1982,"H9E1K5","L'Île-Bizard–Sainte-Geneviève"
346,429000,2,2,447,1954,"H1N3J6","Mercier–Hochelaga-Maisonneuve"
347,329000,4,2,323,1949,"H1H2B5","Montréal-Nord"
348,439800,5,2,200,1957,"H1Z3C2","Villeray–Saint-Michel–Parc-Extension"
349,399900,4,2,581,1960,"H8Z1K6","Pierrefonds-Roxboro"
350,929000,4,3,465,1951,"H8T3A7","Lachine"
351,399900,4,2,672,1975,"H9J1T6","Pierrefonds-Roxboro"
352,638000,3,1,465,1950,"H2C2R7","Ahuntsic-Cartierville"
353,985000,5,4,633,1965,"H1R2J1","Saint-Léonard"
354,625000,4,2,500,1999,"H1E7L3","Rivière-des-Prairies–Pointe-aux-Trembles"
355,385000,4,2,434,1956,"H1H4M8","Montréal-Nord"
356,304900,3,1,268,1876,"H2C2T2","Ahuntsic-Cartierville"
357,429000,5,1,424,1925,"H1G1B6","Montréal-Nord"
358,5e+05,2,1,520,1923,"H1L4R1","Mercier–Hochelaga-Maisonneuve"
359,305000,3,1,158,1987,"H1B3M7","Rivière-des-Prairies–Pointe-aux-Trembles"
360,379000,3,1,396,1942,"H4L3A3","Saint-Laurent"
361,579000,4,2,864,1988,"H9C2V3","L'Île-Bizard–Sainte-Geneviève"
362,949500,3,3,795,1960,"H1K1S2","Anjou"
363,6e+05,5,3,6522,1945,"H9E1B1","L'Île-Bizard–Sainte-Geneviève"
364,649500,4,2,532,1974,"H4K1E2","Ahuntsic-Cartierville"
365,479000,3,2,502,1953,"H4L1L2","Saint-Laurent"
366,999999,5,2,245,1922,"H4A3C5","Côte-des-Neiges–Notre-Dame-de-Grâce"
367,394900,4,2,465,1966,"H1B5L2","Rivière-des-Prairies–Pointe-aux-Trembles"
368,530000,4,2,506,1975,"H1E2S9","Rivière-des-Prairies–Pointe-aux-Trembles"
369,399900,4,2,495,1955,"H9H1B3","L'Île-Bizard–Sainte-Geneviève"
370,639000,3,1,311,1986,"H1R3X5","Saint-Léonard"
371,274900,3,1,353,1958,"H1A1X7","Rivière-des-Prairies–Pointe-aux-Trembles"
372,479000,3,1,391,1954,"H4L1L5","Saint-Laurent"
373,450000,4,2,354,1947,"H4L3W4","Saint-Laurent"
374,499000,3,2,1286,1981,"H1A4A8","Rivière-des-Prairies–Pointe-aux-Trembles"
375,334000,3,1,740,1950,"H9C1J6","L'Île-Bizard–Sainte-Geneviève"
376,349900,3,1,393,1948,"H8S3W4","Lachine"
377,529900,3,1,400,2003,"H1C2K5","Rivière-des-Prairies–Pointe-aux-Trembles"
378,295000,3,1,761,1958,"H1H3R5","Montréal-Nord"
379,629000,4,3,465,1900,"H8R3P9","LaSalle"
380,539000,2,2,310,1975,"H8N2K7","LaSalle"
381,535000,4,2,383,1953,"H4M1L2","Saint-Laurent"
382,250000,3,1,279,1974,"H1E2V1","Rivière-des-Prairies–Pointe-aux-Trembles"
383,449000,3,2,569,1964,"H9H3M1","Pierrefonds-Roxboro"
384,250000,3,1,702,1850,"H9H1E3","L'Île-Bizard–Sainte-Geneviève"
385,299000,3,1,468,1983,"H1C1W8","Rivière-des-Prairies–Pointe-aux-Trembles"
386,949000,4,3,651,1975,"H8Y2H9","Pierrefonds-Roxboro"
387,429000,4,1,514,1964,"H1G1Y2","Montréal-Nord"
388,879000,3,1,139,1923,"H2R2C9","Villeray–Saint-Michel–Parc-Extension"
389,539000,3,2,475,1963,"H1P1M7","Saint-Léonard"
390,529000,4,1,484,1958,"H4L1B9","Saint-Laurent"
391,625000,4,1,347,1947,"H4L2V7","Saint-Laurent"
392,669000,4,2,436,1954,"H4K1E5","Ahuntsic-Cartierville"
393,499000,4,2,442,1980,"H1E3W4","Rivière-des-Prairies–Pointe-aux-Trembles"
394,520000,2,1,145,1875,"H3K1N4","Le Sud-Ouest"
395,557000,5,2,368,1965,"H8R3S4","LaSalle"
396,699000,5,2,401,1914,"H4L3C9","Saint-Laurent"
397,799000,3,1,145,1926,"H1Y2H2","Rosemont–La Petite-Patrie"
398,765000,4,1,88,1890,"H2J3C1","Le Plateau-Mont-Royal"
399,688000,5,2,780,1985,"H1E6W3","Rivière-des-Prairies–Pointe-aux-Trembles"
400,609000,3,1,366,1948,"H4L2S3","Saint-Laurent"
401,369000,3,2,353,1957,"H4J1Y9","Ahuntsic-Cartierville"
402,485000,3,2,125,1875,"H2X2Z9","Le Plateau-Mont-Royal"
403,499950,4,2,511,1978,"H9K1H4","Pierrefonds-Roxboro"
404,698800,5,3,1096,1989,"H9C2V3","L'Île-Bizard–Sainte-Geneviève"
405,379000,5,2,574,1963,"H9H2Y9","Pierrefonds-Roxboro"
406,738000,3,3,438,1954,"H1K1V4","Anjou"
407,699000,3,1,297,1910,"H2J3Y9","Le Plateau-Mont-Royal"
408,320000,3,1,460,1959,"H1G4X3","Montréal-Nord"
409,525000,4,1,504,1990,"H9K1M3","Pierrefonds-Roxboro"
410,385000,3,1,1133,1966,"H9E1E4","L'Île-Bizard–Sainte-Geneviève"
411,535000,4,1,407,1957,"H4L4M3","Saint-Laurent"
412,360000,4,2,318,1979,"H8Z3C1","Pierrefonds-Roxboro"
413,369000,3,2,175,1984,"H1K4S7","Anjou"
414,598000,4,2,575,1989,"H9K1K7","Pierrefonds-Roxboro"
415,385000,3,2,520,1951,"H8Y2M5","Pierrefonds-Roxboro"
416,649000,4,2,1238,1968,"H4K1R6","Saint-Laurent"
417,325000,4,3,727,1945,"H1H3R9","Montréal-Nord"
418,1147450.5,3,2,1482,1986,"H2L2Y3","Ville-Marie"
419,249000,3,1,418,1948,"H1H3J9","Montréal-Nord"
420,314000,3,1,170,2002,"H1A5R7","Rivière-des-Prairies–Pointe-aux-Trembles"
421,499000,3,2,88,1875,"H2X2Y3","Le Plateau-Mont-Royal"
422,490000,3,2,780,1966,"H9E1E9","L'Île-Bizard–Sainte-Geneviève"
423,724900,3,3,438,1954,"H1K1V4","Anjou"
424,890000,4,3,630,1962,"H8T2C4","Lachine"
425,269000,3,1,320,1958,"H1G5C2","Montréal-Nord"
426,360000,5,2,368,1996,"H1A2G2","Rivière-des-Prairies–Pointe-aux-Trembles"
427,862000,3,2,277,1924,"H4B2J3","Côte-des-Neiges–Notre-Dame-de-Grâce"
428,619000,3,2,235,1964,"H8S3L3","Lachine"
429,595000,4,2,632,1959,"H9H2L9","L'Île-Bizard–Sainte-Geneviève"
430,399000,6,2,452,1974,"H1A3G3","Rivière-des-Prairies–Pointe-aux-Trembles"
431,998000,3,1,149,1983,"H3J2R1","Le Sud-Ouest"
432,469000,3,1,246,1977,"H4K2M3","Saint-Laurent"
433,470000,3,1,474,1951,"H4N2B7","Saint-Laurent"
434,529000,3,2,469,1967,"H1P1H2","Saint-Léonard"
435,330000,4,1,324,1989,"H1C1Z8","Rivière-des-Prairies–Pointe-aux-Trembles"
436,350000,2,1,217,1951,"H8P1C4","LaSalle"
437,569000,4,2,531,1989,"H9J3N6","Pierrefonds-Roxboro"
438,335000,5,2,452,1989,"H1A4E9","Rivière-des-Prairies–Pointe-aux-Trembles"
439,284900,3,1,145,1958,"H1G4P3","Montréal-Nord"
440,479000,4,1,395,1951,"H2A1C9","Villeray–Saint-Michel–Parc-Extension"
441,334000,3,1,439,1974,"H1B1Y9","Rivière-des-Prairies–Pointe-aux-Trembles"
442,399000,2,1,216,1949,"H8P2H7","LaSalle"
443,768000,4,2,269,1983,"H3E1K6","Verdun"
444,579000,4,1,447,1948,"H8T2A6","Lachine"
445,499000,3,2,422,1985,"H1E5S5","Rivière-des-Prairies–Pointe-aux-Trembles"
446,799000,3,1,437,1925,"H2C2W2","Ahuntsic-Cartierville"
447,849000,4,3,455,1977,"H1E3A8","Rivière-des-Prairies–Pointe-aux-Trembles"
448,849900,5,2,1003,1995,"H9E1R9","L'Île-Bizard–Sainte-Geneviève"
449,629000,4,2,174,1952,"H3L3H3","Ahuntsic-Cartierville"
450,549000,4,1,335,1955,"H3L3G1","Ahuntsic-Cartierville"
451,589000,3,1,321,1949,"H3L2V2","Ahuntsic-Cartierville"
452,484500,3,1,416,1986,"H1K4Y8","Anjou"
453,399000,2,1,382,1910,"H8S3A2","Lachine"
454,329000,3,1,505,1959,"H1B2L1","Rivière-des-Prairies–Pointe-aux-Trembles"
455,375000,2,1,929,1951,"H8Y1B3","Pierrefonds-Roxboro"
456,359000,2,1,348,1932,"H8S2Y3","Lachine"
457,1199900,4,3,1862,1974,"H9K1E6","Pierrefonds-Roxboro"
458,475000,5,1,613,1964,"H9H2B9","Pierrefonds-Roxboro"
459,595000,3,2,395,1953,"H4V2E5","Côte-des-Neiges–Notre-Dame-de-Grâce"
460,535000,3,1,213,2001,"H1J2Y8","Anjou"
461,329000,3,1,235,1963,"H1G5T8","Montréal-Nord"
462,299000,4,1,845,1964,"H9J1W4","Pierrefonds-Roxboro"
463,850000,3,2,1895,1995,"H9C2W2","L'Île-Bizard–Sainte-Geneviève"
464,695000,2,2,590,1950,"H4K1V8","Ahuntsic-Cartierville"
465,289000,4,2,567,1951,"H9E1E5","L'Île-Bizard–Sainte-Geneviève"
466,519900,3,2,609,1984,"H9C2K7","L'Île-Bizard–Sainte-Geneviève"
467,535000,3,2,222,1997,"H1K5G2","Mercier–Hochelaga-Maisonneuve"
468,764468.775,3,1,204,1975,"H8N2S5","LaSalle"
469,715259.475,3,1,1951,1958,"H8Z2T7","Pierrefonds-Roxboro"
470,649000,3,1,472,1944,"H4L3E4","Saint-Laurent"
471,375000,4,2,1538,1954,"H9E1H7","L'Île-Bizard–Sainte-Geneviève"
472,389000,4,1,554,1981,"H9C2A8","L'Île-Bizard–Sainte-Geneviève"
473,1049000,4,3,198,1946,"H4H1R5","Verdun"
474,439000,3,2,255,1949,"H8S3W4","Lachine"
475,589000,3,2,292,1950,"H4B2N9","Côte-des-Neiges–Notre-Dame-de-Grâce"
476,469000,3,1,273,1973,"H4K1T9","Saint-Laurent"
477,395000,3,1,225,1987,"H8Y3L8","Pierrefonds-Roxboro"
478,1391197.5,5,3,209,1923,"H2E2X1","Villeray–Saint-Michel–Parc-Extension"
479,635000,4,2,381,2000,"H8Y3R3","Pierrefonds-Roxboro"
480,795000,2,2,186,1985,"H3E1L5","Verdun"
481,498000,6,3,942,1972,"H9J1V5","Pierrefonds-Roxboro"
482,449900,4,2,290,1960,"H4K1Y9","Saint-Laurent"
483,748000,3,1,1463,1882,"H4J1B4","Ahuntsic-Cartierville"
484,599000,4,2,512,1987,"H1E6V8","Rivière-des-Prairies–Pointe-aux-Trembles"
485,425292.525,3,2,411,1965,"H1B4H7","Rivière-des-Prairies–Pointe-aux-Trembles"
486,569000,2,1,256,1885,"H4C1L2","Le Sud-Ouest"
487,1369000,4,2,447,1945,"H3R3A8","Côte-des-Neiges–Notre-Dame-de-Grâce"
488,419888,3,1,406,1952,"H1L1E9","Mercier–Hochelaga-Maisonneuve"
489,889000,4,1,368,1953,"H2E2W3","Villeray–Saint-Michel–Parc-Extension"
490,645000,4,3,1154,1933,"H8Y2G3","Pierrefonds-Roxboro"
491,239000,3,1,325,1968,"H1B4H6","Rivière-des-Prairies–Pointe-aux-Trembles"
492,569000,3,1,402,1951,"H4L1L7","Saint-Laurent"
493,539000,2,2,203,1915,"H4E2T4","Le Sud-Ouest"
494,849000,2,2,1017,1900,"H2B2L1","Ahuntsic-Cartierville"
495,449000,4,2,703,1962,"H8Z1P3","Pierrefonds-Roxboro"
496,1190000,4,2,629,1976,"H8Z1A7","Pierrefonds-Roxboro"
497,614800,4,3,525,2002,"H8Z2T8","Pierrefonds-Roxboro"
498,419000,3,1,259,1986,"H1E5S1","Rivière-des-Prairies–Pointe-aux-Trembles"
499,549000,4,3,634,1986,"H1E1C4","Rivière-des-Prairies–Pointe-aux-Trembles"
500,274900,5,1,626,1976,"H9E1M9","L'Île-Bizard–Sainte-Geneviève"
501,564400,3,1,336,1988,"H4K1R1","Ahuntsic-Cartierville"
502,224800,3,1,173,1970,"H1A3E5","Rivière-des-Prairies–Pointe-aux-Trembles"
503,599000,5,2,1094,1981,"H1E4C6","Rivière-des-Prairies–Pointe-aux-Trembles"
504,699000,4,3,802,2001,"H9K1P8","Pierrefonds-Roxboro"
505,418000,4,2,680,1984,"H9J3C3","Pierrefonds-Roxboro"
506,274900,3,1,221,1944,"H1G5T5","Montréal-Nord"
507,324900,3,1,427,1952,"H1T3C4","Rosemont–La Petite-Patrie"
508,389888,4,1,452,1964,"H1G1V5","Montréal-Nord"
509,549000,4,2,557,1964,"H9A1L5","Pierrefonds-Roxboro"
510,795000,4,2,2413,1980,"H9E1K5","L'Île-Bizard–Sainte-Geneviève"
511,659000,4,2,568,1965,"H1P2R9","Saint-Léonard"
512,574900,3,2,466,1960,"H1K1H2","Anjou"
513,259000,3,1,214,1987,"H1A0B3","Rivière-des-Prairies–Pointe-aux-Trembles"
514,657700,3,2,697,1976,"H1R3K4","Saint-Léonard"
515,399900,4,1,330,1985,"H1E5W5","Rivière-des-Prairies–Pointe-aux-Trembles"
516,499000,3,2,499,1996,"H1C2E6","Rivière-des-Prairies–Pointe-aux-Trembles"
517,982000,3,3,414,1921,"H4H1V7","Verdun"
518,375000,4,2,444,1984,"H9J1W2","Pierrefonds-Roxboro"
519,649000,5,2,523,1990,"H9K1J8","Pierrefonds-Roxboro"
520,799000,3,2,204,1981,"H3E1K8","Verdun"
521,6e+05,4,2,420,1967,"H4J2B7","Ahuntsic-Cartierville"
522,549000,4,2,485,1996,"H9K1P1","Pierrefonds-Roxboro"
523,269900,3,2,475,1865,"H1B4R1","Rivière-des-Prairies–Pointe-aux-Trembles"
524,250000,2,1,209,1945,"H8S3E9","Lachine"
525,268000,3,1,418,1923,"H1H4T2","Montréal-Nord"
526,524900,5,2,502,1953,"H4L1N5","Saint-Laurent"
527,575000,5,1,363,1950,"H1L5Z3","Mercier–Hochelaga-Maisonneuve"
528,779000,6,2,297,1959,"H3L3K7","Ahuntsic-Cartierville"
529,969000,5,2,339,1885,"H3K2N4","Le Sud-Ouest"
530,309900,3,2,290,1940,"H1B3K1","Rivière-des-Prairies–Pointe-aux-Trembles"
531,1089963,3,2,739,1900,"H2L2Y3","Ville-Marie"
532,799000,3,1,688,1900,"H4J1C1","Ahuntsic-Cartierville"
533,535000,5,1,613,1964,"H9H1L4","Pierrefonds-Roxboro"
534,659000,3,1,136,1900,"H3K2P5","Le Sud-Ouest"
535,779000,3,2,702,2001,"H1P3P2","Saint-Léonard"
536,545000,3,1,260,1984,"H1M3G7","Mercier–Hochelaga-Maisonneuve"
537,299000,4,1,198,1958,"H1G5E9","Montréal-Nord"
538,1299000,6,4,188,1910,"H2J3J8","Le Plateau-Mont-Royal"
539,649000,4,2,575,1972,"H1G1E3","Montréal-Nord"
540,364500,3,1,404,1934,"H2B2P6","Ahuntsic-Cartierville"
541,4e+05,5,2,418,1961,"H8Y2Z2","Pierrefonds-Roxboro"
542,399000,6,3,544,1950,"H1A1R7","Rivière-des-Prairies–Pointe-aux-Trembles"
543,569000,4,2,405,2003,"H8Z3L7","Pierrefonds-Roxboro"
544,389000,2,2,404,1942,"H2B2P3","Ahuntsic-Cartierville"
545,419999,4,2,372,1951,"H1Z3X9","Villeray–Saint-Michel–Parc-Extension"
546,586000,5,2,201,1999,"H4R2W4","Saint-Laurent"
547,389000,3,1,259,1971,"H1P2J6","Saint-Léonard"
548,215000,3,1,289,1944,"H1G5A8","Montréal-Nord"
549,569000,3,1,472,1890,"H3M2Z9","Ahuntsic-Cartierville"
550,375000,4,1,444,1944,"H8S3K4","Lachine"
551,479000,3,1,203,1981,"H8N2P1","LaSalle"
552,549900,3,1,503,2002,"H9C3A2","L'Île-Bizard–Sainte-Geneviève"
553,1490000,4,2,260,1950,"H2G2M8","Rosemont–La Petite-Patrie"
554,595000,4,2,315,1984,"H8N2T8","LaSalle"
555,289900,3,1,413,1956,"H2G3C1","Rivière-des-Prairies–Pointe-aux-Trembles"
556,414700,3,2,600,1981,"H9C2H5","L'Île-Bizard–Sainte-Geneviève"
557,379000,4,3,322,1988,"H9J1W4","Pierrefonds-Roxboro"
558,1150000,5,2,258,1917,"H4A3L8","Côte-des-Neiges–Notre-Dame-de-Grâce"
559,750000,5,3,372,1975,"H4M2P7","Saint-Laurent"
560,489000,3,2,309,1991,"H1E7G7","Rivière-des-Prairies–Pointe-aux-Trembles"
561,439000,3,1,481,1985,"H9J3P1","Pierrefonds-Roxboro"
562,729000,3,2,186,1915,"H4E2W3","Le Sud-Ouest"
563,429000,2,1,404,1955,"H1G5M6","Montréal-Nord"
564,439000,2,1,372,1948,"H4L3S8","Saint-Laurent"
565,429000,4,3,1341,1977,"H9E1B7","L'Île-Bizard–Sainte-Geneviève"
566,549000,3,2,524,1950,"H8T2N3","Lachine"
567,379000,5,2,711,1973,"H9E1G5","L'Île-Bizard–Sainte-Geneviève"
568,574900,3,1,929,1981,"H1C1H9","Rivière-des-Prairies–Pointe-aux-Trembles"
569,449000,4,2,553,2000,"H9C1H7","L'Île-Bizard–Sainte-Geneviève"
570,489000,3,1,360,1984,"H1K4R8","Mercier–Hochelaga-Maisonneuve"
571,649000,4,2,470,1957,"H1K1Z2","Anjou"
572,399000,3,2,671,1984,"H1A3L8","Rivière-des-Prairies–Pointe-aux-Trembles"
573,369900,4,1,267,1978,"H8Y1Z4","Pierrefonds-Roxboro"
574,469000,3,1,308,1985,"H1K5A3","Anjou"
575,478000,3,2,397,1951,"H2A3J8","Villeray–Saint-Michel–Parc-Extension"
576,459000,4,1,395,1951,"H2A1C9","Villeray–Saint-Michel–Parc-Extension"
577,645000,4,2,731,1977,"H1E1V6","Rivière-des-Prairies–Pointe-aux-Trembles"
578,349000,4,2,711,1973,"H9E1G5","L'Île-Bizard–Sainte-Geneviève"
579,995000,5,2,557,1951,"H2B2A5","Ahuntsic-Cartierville"
580,939757.3605,4,3,418,1965,"H1P1G8","Saint-Léonard"
581,879000,6,2,586,1962,"H1K4A2","Anjou"
582,467700,4,2,432,1983,"H1E3R1","Rivière-des-Prairies–Pointe-aux-Trembles"
583,307000,3,1,296,1988,"H1C2A9","Rivière-des-Prairies–Pointe-aux-Trembles"
584,1249000,4,2,209,1920,"H4A2Z3","Côte-des-Neiges–Notre-Dame-de-Grâce"
585,989000,4,3,591,1982,"H4K1H4","Ahuntsic-Cartierville"
586,269000,4,2,158,1970,"H1A3E6","Rivière-des-Prairies–Pointe-aux-Trembles"
587,325000,3,2,309,1952,"H1L4C7","Mercier–Hochelaga-Maisonneuve"
588,399900,5,1,519,1955,"H1N3J9","Mercier–Hochelaga-Maisonneuve"
589,369900,4,2,520,1965,"H8Y2L8","Pierrefonds-Roxboro"
590,449000,4,1,186,1900,"H2K2P5","Ville-Marie"
591,1149000,4,2,499,1926,"H8R2N9","LaSalle"
592,479000,4,1,557,1964,"H9H1P2","Pierrefonds-Roxboro"
593,949000,4,2,244,1943,"H2G2N2","Rosemont–La Petite-Patrie"
594,275000,4,2,604,1966,"H9J1Z5","Pierrefonds-Roxboro"
595,610000,3,1,232,1945,"H3L2M3","Ahuntsic-Cartierville"
596,1299000,5,3,236,1910,"H2S2N8","Rosemont–La Petite-Patrie"
597,1395000,6,4,1797,1991,"H8Z2W8","Pierrefonds-Roxboro"
598,675000,3,2,228,1931,"H2A2C1","Villeray–Saint-Michel–Parc-Extension"
599,639000,3,1,311,1986,"H1R3X5","Saint-Léonard"
600,1425000,3,1,278,1918,"H4A3K8","Côte-des-Neiges–Notre-Dame-de-Grâce"
601,359900,5,1,474,1957,"H1B4L3","Rivière-des-Prairies–Pointe-aux-Trembles"
602,249000,3,1,382,1960,"H1A1L6","Rivière-des-Prairies–Pointe-aux-Trembles"
603,325000,4,1,663,1960,"H8Y1H7","Pierrefonds-Roxboro"
604,260000,4,1,209,1964,"H1B4M9","Rivière-des-Prairies–Pointe-aux-Trembles"
605,389000,3,2,275,1969,"H1G3X2","Montréal-Nord"
606,649000,4,2,1141,1900,"H9K1B4","Pierrefonds-Roxboro"
607,579000,3,2,609,1997,"H9K1M3","Pierrefonds-Roxboro"
608,710000,4,3,436,2000,"H1P3N8","Saint-Léonard"
609,489900,5,3,1023,1987,"H1A4S2","Rivière-des-Prairies–Pointe-aux-Trembles"
610,559000,4,3,362,1946,"H4E4B7","Le Sud-Ouest"
611,879000,5,3,485,2002,"H1R2E9","Saint-Léonard"
612,299000,4,1,164,1977,"H8R1K1","Lachine"
613,224000,4,1,556,1948,"H1H3H5","Montréal-Nord"
614,1148000,6,3,557,1995,"H4K2C2","Ahuntsic-Cartierville"
615,329000,3,1,348,1900,"H8S2Y1","Lachine"
616,394900,4,2,563,1959,"H8Z2R3","Pierrefonds-Roxboro"
617,249000,2,1,1533,1955,"H9C1C3","L'Île-Bizard–Sainte-Geneviève"
618,275000,2,1,381,1960,"H1E1Z5","Rivière-des-Prairies–Pointe-aux-Trembles"
619,849900,3,3,458,1985,"H4M2X3","Saint-Laurent"
620,359000,4,1,460,1958,"H1G4T7","Montréal-Nord"
621,479000,4,3,463,1988,"H9A1B4","Pierrefonds-Roxboro"
622,199900,2,1,338,1943,"H1B3Y1","Rivière-des-Prairies–Pointe-aux-Trembles"
623,1099000,3,2,1805,1978,"H8Z2N1","Pierrefonds-Roxboro"
624,1289000,3,3,530,2011,"H1R2C5","Saint-Léonard"
625,270000,2,1,538,1946,"H8Z1Y1","Pierrefonds-Roxboro"
626,419900,4,2,567,1964,"H8Z1N1","Pierrefonds-Roxboro"
627,335000,3,2,361,1982,"H1A4C6","Rivière-des-Prairies–Pointe-aux-Trembles"
628,1399000,4,3,242,1910,"H2S2G5","Rosemont–La Petite-Patrie"
629,799000,3,2,932,1984,"H1E3L7","Rivière-des-Prairies–Pointe-aux-Trembles"
630,449500,3,2,759,1975,"H9C1T1","L'Île-Bizard–Sainte-Geneviève"
631,1159000,3,2,1040,1946,"H4J2C3","Ahuntsic-Cartierville"
632,494900,3,2,492,1991,"H9K1J3","Pierrefonds-Roxboro"
633,619900,4,2,394,1960,"H1M1M3","Mercier–Hochelaga-Maisonneuve"
634,349000,2,1,474,1942,"H4L3B7","Saint-Laurent"
635,319900,3,1,465,1949,"H8Y2E4","Pierrefonds-Roxboro"
636,974000,4,3,719,1980,"H4K2N7","Ahuntsic-Cartierville"
637,499000,3,1,411,1948,"H8S3W2","Lachine"
638,1199900,4,3,3315,1974,"H9K1E6","Pierrefonds-Roxboro"
639,315000,6,2,541,1955,"H1A2V1","Rivière-des-Prairies–Pointe-aux-Trembles"
640,759000,4,1,465,1950,"H8T2T7","Lachine"
641,929000,4,3,797,1986,"H1R3Y1","Saint-Léonard"
642,1350000,3,2,251,1931,"H2G2G8","Rosemont–La Petite-Patrie"
643,429000,3,2,395,1951,"H4J1Z9","Ahuntsic-Cartierville"
644,398000,4,2,440,1987,"H1A4Z9","Rivière-des-Prairies–Pointe-aux-Trembles"
645,744000,4,2,349,1930,"H4H1Z6","Verdun"
646,299000,2,1,376,1959,"H1E2A3","Rivière-des-Prairies–Pointe-aux-Trembles"
647,499000,4,2,288,1981,"H1T3T7","Saint-Léonard"
648,750000,3,1,201,1875,"H3K2K9","Le Sud-Ouest"
649,950000,3,1,130,1885,"H2J2M7","Le Plateau-Mont-Royal"
650,1298000,4,3,156,1875,"H3G1V3","Ville-Marie"
651,1498000,4,2,360,1914,"H4A3N6","Côte-des-Neiges–Notre-Dame-de-Grâce"
652,319900,4,2,369,1991,"H1A5H4","Rivière-des-Prairies–Pointe-aux-Trembles"
653,449000,4,1,422,1985,"H1E5W5","Rivière-des-Prairies–Pointe-aux-Trembles"
654,339000,3,1,674,1982,"H8Z2Y4","Pierrefonds-Roxboro"
655,267900,2,1,146,1922,"H8S3M8","Lachine"
656,775000,2,1,375,1949,"H3X3R6","Côte-des-Neiges–Notre-Dame-de-Grâce"
657,317000,3,1,158,1986,"H1B3M7","Rivière-des-Prairies–Pointe-aux-Trembles"
658,525000,4,1,372,1947,"H4L3T2","Saint-Laurent"
659,1095000,4,3,175,1944,"H2G1E9","Rosemont–La Petite-Patrie"
660,467700,4,2,432,1983,"H1E3R1","Rivière-des-Prairies–Pointe-aux-Trembles"
661,1060000,3,2,187,1908,"H2J1S3","Le Plateau-Mont-Royal"
662,459000,3,2,348,1950,"H8S2Z9","Lachine"
663,379000,4,1,446,1982,"H1H5A3","Montréal-Nord"
664,989000,5,3,2231,2000,"H8Y3R4","Pierrefonds-Roxboro"
665,359000,4,2,330,1982,"H1E4M8","Rivière-des-Prairies–Pointe-aux-Trembles"
666,524900,2,1,300,1968,"H4J2A7","Ahuntsic-Cartierville"
667,334000,5,2,395,1955,"H1B4N9","Rivière-des-Prairies–Pointe-aux-Trembles"
668,389000,3,2,376,1984,"H1E2J8","Rivière-des-Prairies–Pointe-aux-Trembles"
669,929000,2,1,157,1900,"H2T2B1","Le Plateau-Mont-Royal"
670,939000,4,1,406,1978,"H8P2C8","LaSalle"
671,249000,3,1,184,1962,"H1E1G9","Rivière-des-Prairies–Pointe-aux-Trembles"
672,382500,3,1,412,1988,"H9H4W2","Pierrefonds-Roxboro"
673,1398000,5,2,199,1885,"H3K2K9","Le Sud-Ouest"
674,899000,3,1,950,1985,"H3K1E6","Le Sud-Ouest"
675,459500,3,1,286,1984,"H1K4X6","Anjou"
676,658000,3,2,440,1973,"H8R3S9","LaSalle"
677,349000,2,1,202,1930,"H8P2J3","LaSalle"
678,335000,3,1,372,1951,"H1Z3Y3","Villeray–Saint-Michel–Parc-Extension"
679,415000,2,2,460,1955,"H1K3Y6","Mercier–Hochelaga-Maisonneuve"
680,849000,4,2,143,1994,"H3E1X2","Verdun"
681,389000,2,1,103,1915,"H2G2V5","Rosemont–La Petite-Patrie"
682,938000,4,2,379,1947,"H4H1Z1","Verdun"
683,429000,3,1,305,1982,"H1L6L4","Mercier–Hochelaga-Maisonneuve"
684,469000,4,2,509,1964,"H9H2T9","Pierrefonds-Roxboro"
685,838000,4,2,292,1987,"H3E1R4","Verdun"
686,619000,4,1,530,1958,"H3M1H9","Ahuntsic-Cartierville"
687,498000,4,3,558,1987,"H1E1S4","Rivière-des-Prairies–Pointe-aux-Trembles"
688,1170000,3,2,256,1910,"H2S2S9","Rosemont–La Petite-Patrie"
689,349900,4,2,537,1969,"H9J2C1","Pierrefonds-Roxboro"
690,329000,2,2,458,1954,"H1G5C3","Montréal-Nord"
691,549000,2,1,192,1910,"H4E1L5","Le Sud-Ouest"
692,989000,4,3,1821,1860,"H1H1G2","Montréal-Nord"
693,749000,5,2,230,1950,"H4V2S5","Côte-des-Neiges–Notre-Dame-de-Grâce"
694,474900,5,2,683,1975,"H9E1E9","L'Île-Bizard–Sainte-Geneviève"
695,319000,4,2,373,1956,"H1H3T4","Montréal-Nord"
696,599000,3,2,239,1927,"H3L2G7","Ahuntsic-Cartierville"
697,928000,5,2,1489,1996,"H9E1S1","L'Île-Bizard–Sainte-Geneviève"
698,519800,3,2,697,1953,"H8Y1Z5","Pierrefonds-Roxboro"
699,389000,2,1,342,1942,"H4L3A5","Saint-Laurent"
700,469000,3,2,260,1962,"H4K1Y7","Saint-Laurent"
701,1228000,5,2,205,1922,"H3C2G8","Côte-des-Neiges–Notre-Dame-de-Grâce"
702,995000,6,3,312,2003,"H4L4R3","Saint-Laurent"
703,1349000,3,2,130,1885,"H2L4H3","Le Plateau-Mont-Royal"
704,437000,4,2,442,1978,"H1E2Z9","Rivière-des-Prairies–Pointe-aux-Trembles"
705,445000,3,1,250,1941,"H4L4P3","Saint-Laurent"
706,429000,3,1,427,1954,"H1N3H1","Mercier–Hochelaga-Maisonneuve"
707,409000,3,1,228,1990,"H9K1L3","Pierrefonds-Roxboro"
708,459000,4,2,523,1964,"H1G1Y2","Montréal-Nord"
709,510000,3,2,284,1974,"H1T3S8","Saint-Léonard"
710,349000,4,2,418,1964,"H1G3B3","Montréal-Nord"
711,639000,4,2,2031,1950,"H1A2B6","Rivière-des-Prairies–Pointe-aux-Trembles"
712,517700,3,1,288,1976,"H1T3T7","Saint-Léonard"
713,239000,3,2,218,1915,"H8S3P2","Lachine"
714,199000,3,1,270,1959,"H1E1Z3","Rivière-des-Prairies–Pointe-aux-Trembles"
715,405000,3,2,239,1946,"H2E2K7","Villeray–Saint-Michel–Parc-Extension"
716,479900,3,1,602,1961,"H8Y2J1","Pierrefonds-Roxboro"
717,659000,4,3,465,1900,"H8R3P9","LaSalle"
718,499000,2,2,328,1950,"H2E2T1","Villeray–Saint-Michel–Parc-Extension"
719,489000,4,2,401,1989,"H1E6Y6","Rivière-des-Prairies–Pointe-aux-Trembles"
720,439000,4,2,893,1975,"H9E1E6","L'Île-Bizard–Sainte-Geneviève"
721,488700,2,2,451,1955,"H8P3A9","LaSalle"
722,539000,3,2,315,2003,"H8Z3L8","Pierrefonds-Roxboro"
723,466667.4285,3,2,428,1949,"H1H4V9","Montréal-Nord"
724,424900,3,1,398,1955,"H8P2Z8","LaSalle"
725,1200000,6,3,164,1910,"H2T2X9","Le Plateau-Mont-Royal"
726,499900,5,1,557,1987,"H9C2S2","L'Île-Bizard–Sainte-Geneviève"
727,750000,4,3,410,1962,"H3M2S5","Ahuntsic-Cartierville"
728,374500,3,2,422,1984,"H1A4S1","Rivière-des-Prairies–Pointe-aux-Trembles"
729,449800,5,2,871,1958,"H1E2P5","Rivière-des-Prairies–Pointe-aux-Trembles"
730,275000,4,1,599,1945,"H1B4C9","Rivière-des-Prairies–Pointe-aux-Trembles"
731,489000,4,2,1022,1962,"H8Z1J3","Pierrefonds-Roxboro"
732,525000,3,1,552,1986,"H9H4V6","Pierrefonds-Roxboro"
733,899000,4,2,731,1956,"H4K1V3","Ahuntsic-Cartierville"
734,699000,3,1,211,1951,"H2A2X7","Villeray–Saint-Michel–Parc-Extension"
735,950000,4,2,2718,1992,"H9E1M5","L'Île-Bizard–Sainte-Geneviève"
736,848000,4,1,205,1921,"H4A2H4","Côte-des-Neiges–Notre-Dame-de-Grâce"
737,529000,4,2,448,1987,"H1S6S9","Rivière-des-Prairies–Pointe-aux-Trembles"
738,649000,4,2,460,1962,"H3M2X2","Ahuntsic-Cartierville"
739,499000,4,2,1022,1962,"H8Z1J3","Pierrefonds-Roxboro"
740,499000,4,2,452,1984,"H1E4L8","Rivière-des-Prairies–Pointe-aux-Trembles"
741,418000,4,1,309,1949,"H1T3H6","Rosemont–La Petite-Patrie"
742,447000,3,2,569,1962,"H8Z1E4","Pierrefonds-Roxboro"
743,650000,3,2,528,1994,"H9H4Y7","Pierrefonds-Roxboro"
744,279800,3,1,557,1973,"H1G2C3","Montréal-Nord"
745,759000,4,2,465,1948,"H8T2T6","Lachine"
746,450000,5,3,568,1962,"H8Z1A7","Pierrefonds-Roxboro"
747,645000,5,2,466,1961,"H3M1X3","Ahuntsic-Cartierville"
748,1325000,5,3,196,1920,"H4A2K7","Côte-des-Neiges–Notre-Dame-de-Grâce"
749,1295000,3,3,159,1900,"H2J3P2","Le Plateau-Mont-Royal"
750,439000,3,1,396,1955,"H8P2X8","LaSalle"
751,492500,3,2,398,1989,"H1E5S5","Rivière-des-Prairies–Pointe-aux-Trembles"
752,1299000,6,4,188,1910,"H2J3J8","Le Plateau-Mont-Royal"
753,799000,5,3,574,1950,"H8T1N7","Lachine"
754,745000,3,2,465,1955,"H3L3L8","Ahuntsic-Cartierville"
755,509000,3,2,418,1958,"H1K1V7","Anjou"
756,1449000,4,3,199,1960,"H3Y1R2","Ville-Marie"
757,529000,3,2,434,1951,"H8T2E6","Lachine"
758,568000,3,2,348,2002,"H1R3Z1","Saint-Léonard"
759,599000,3,1,136,1900,"H3K2P5","Le Sud-Ouest"
760,459000,3,2,306,1988,"H1E7M9","Rivière-des-Prairies–Pointe-aux-Trembles"
761,649000,4,2,446,1979,"H4K2H9","Ahuntsic-Cartierville"
762,799000,4,3,947,1924,"H4K1C8","Ahuntsic-Cartierville"
763,284900,3,1,204,1973,"H1A3E1","Rivière-des-Prairies–Pointe-aux-Trembles"
764,380000,3,1,478,1959,"H1L1M1","Mercier–Hochelaga-Maisonneuve"
765,379000,4,1,376,1976,"H8Z3B4","Pierrefonds-Roxboro"
766,789000,3,2,1459,1974,"H8Z2N1","Pierrefonds-Roxboro"
767,489000,4,2,737,1964,"H8Z1W2","Pierrefonds-Roxboro"
768,469000,3,1,276,1953,"H2E2L8","Villeray–Saint-Michel–Parc-Extension"
769,414000,3,1,1471,1988,"H9E1J1","L'Île-Bizard–Sainte-Geneviève"
770,690000,4,2,372,1961,"H1L2Z6","Mercier–Hochelaga-Maisonneuve"
771,379000,4,2,209,1949,"H1L4S9","Mercier–Hochelaga-Maisonneuve"
772,248700,3,1,427,1963,"H1B3J6","Rivière-des-Prairies–Pointe-aux-Trembles"
773,568000,3,2,301,1986,"H1R3X7","Saint-Léonard"
774,419000,3,1,297,2001,"H9H5H5","Pierrefonds-Roxboro"
775,449900,3,1,509,1984,"H9C2J1","L'Île-Bizard–Sainte-Geneviève"
776,789000,3,2,213,1998,"H8N3C6","LaSalle"
777,1475000,4,3,4099,1959,"H9E1A9","L'Île-Bizard–Sainte-Geneviève"
778,379000,2,2,669,1958,"H1E1G1","Rivière-des-Prairies–Pointe-aux-Trembles"
779,399000,4,1,489,1987,"H9H4V9","Pierrefonds-Roxboro"
780,739000,4,2,76,1926,"H2P1M6","Villeray–Saint-Michel–Parc-Extension"
781,1455000,5,3,295,1930,"H3W2L2","Côte-des-Neiges–Notre-Dame-de-Grâce"
782,489000,3,1,372,1956,"H1Z3N3","Villeray–Saint-Michel–Parc-Extension"
783,750000,3,2,4270,1831,"H9K1B7","Pierrefonds-Roxboro"
784,749900,3,2,830,1957,"H8Y1A1","Pierrefonds-Roxboro"
785,459000,4,2,627,1960,"H8Z2A8","Pierrefonds-Roxboro"
786,589000,4,2,494,1984,"H1E6E9","Rivière-des-Prairies–Pointe-aux-Trembles"
787,475000,4,2,1017,1900,"H2B2L1","Ahuntsic-Cartierville"
788,478900,3,2,728,1949,"H1A1Z4","Rivière-des-Prairies–Pointe-aux-Trembles"
789,445000,4,2,509,1986,"H1E6J3","Rivière-des-Prairies–Pointe-aux-Trembles"
790,449000,3,2,376,1944,"H1Z3E8","Villeray–Saint-Michel–Parc-Extension"
791,529000,4,1,292,1971,"H4L1X5","Saint-Laurent"
792,389999,3,2,526,1987,"H1C2A6","Rivière-des-Prairies–Pointe-aux-Trembles"
793,1018000,4,2,222,1910,"H4A2J5","Côte-des-Neiges–Notre-Dame-de-Grâce"
794,499000,3,1,165,1914,"H4L3C9","Saint-Laurent"
795,789000,6,2,575,1977,"H1M2J8","Mercier–Hochelaga-Maisonneuve"
796,339900,4,2,535,1981,"H1A4A8","Rivière-des-Prairies–Pointe-aux-Trembles"
797,639000,5,3,509,1979,"H3M2X4","Ahuntsic-Cartierville"
798,469500,5,2,538,1981,"H1E4B2","Rivière-des-Prairies–Pointe-aux-Trembles"
799,549000,4,2,395,1963,"H8T2B5","Lachine"
800,379000,3,2,139,1961,"H1L4A5","Mercier–Hochelaga-Maisonneuve"
801,565000,2,1,590,1949,"H8T2E7","Lachine"
802,699000,4,1,709,1950,"H4H2N2","Verdun"
803,474900,4,2,496,1981,"H1E3Z7","Rivière-des-Prairies–Pointe-aux-Trembles"
804,419000,3,2,843,1955,"H8Y1J5","Pierrefonds-Roxboro"
805,350000,4,2,591,1955,"H1E2N8","Rivière-des-Prairies–Pointe-aux-Trembles"
806,414900,2,1,327,1999,"H1J2W1","Anjou"
807,449000,3,2,280,1983,"H8N2T4","LaSalle"
808,874000,3,2,418,1946,"H1L4V6","Mercier–Hochelaga-Maisonneuve"
809,550000,4,2,862,1992,"H9C2W5","L'Île-Bizard–Sainte-Geneviève"
810,1199000,5,3,372,1955,"H4P1Z2","Côte-des-Neiges–Notre-Dame-de-Grâce"
811,449000,2,1,300,1947,"H1N3H3","Mercier–Hochelaga-Maisonneuve"
812,425000,3,2,489,1984,"H9J3P4","Pierrefonds-Roxboro"
813,329900,3,1,209,1973,"H9H3P1","Pierrefonds-Roxboro"
814,1200000,5,2,577,1949,"H3L1R4","Ahuntsic-Cartierville"
815,499000,4,2,486,1987,"H9J3N5","Pierrefonds-Roxboro"
816,469900,3,2,324,1993,"H1E6W7","Rivière-des-Prairies–Pointe-aux-Trembles"
817,324900,4,1,669,1960,"H9H2V1","Pierrefonds-Roxboro"
818,749000,3,1,526,1955,"H4M1L5","Saint-Laurent"
819,1250000,3,2,161,1875,"H2X3A3","Le Plateau-Mont-Royal"
820,1149000,6,4,1530,2000,"H4K2B6","Ahuntsic-Cartierville"
821,8e+05,4,3,1230,1990,"H8Z2Z2","Pierrefonds-Roxboro"
822,249000,3,1,576,1969,"H9C1J3","L'Île-Bizard–Sainte-Geneviève"
823,789000,4,2,1814,1976,"H9E1K5","L'Île-Bizard–Sainte-Geneviève"
824,450000,4,2,536,1967,"H8Z2X9","Pierrefonds-Roxboro"
825,1195000,6,5,251,1910,"H1V2Z7","Mercier–Hochelaga-Maisonneuve"
826,1288000,3,2,130,1885,"H2L4H9","Le Plateau-Mont-Royal"
827,589000,3,1,152,1985,"H2K2W4","Ville-Marie"
828,399000,4,2,348,1910,"H3M2X2","Ahuntsic-Cartierville"
829,649900,4,2,696,1989,"H1C2C3","Rivière-des-Prairies–Pointe-aux-Trembles"
830,599000,4,2,520,1959,"H1K3X4","Anjou"
831,799000,4,2,393,2003,"H8Y2J3","Pierrefonds-Roxboro"
832,925000,5,2,176,2000,"H4G3M8","Verdun"
833,249000,3,1,171,1915,"H4E2X2","Le Sud-Ouest"
834,599900,3,1,483,1957,"H4L1B9","Saint-Laurent"
835,468000,4,1,168,1972,"H4K1S9","Saint-Laurent"
836,469900,3,2,811,1985,"H1E5G2","Rivière-des-Prairies–Pointe-aux-Trembles"
837,599000,6,3,815,1960,"H8Y1H2","Pierrefonds-Roxboro"
838,659000,4,2,571,1998,"H9K1M5","Pierrefonds-Roxboro"
839,509000,2,1,126,1994,"H4R2R5","Saint-Laurent"
840,224900,3,1,144,1970,"H1B1R9","Rivière-des-Prairies–Pointe-aux-Trembles"
841,1499000,4,1,446,1901,"H2V3R4","Outremont"
842,950000,3,1,1948,1948,"H1A1W6","Rivière-des-Prairies–Pointe-aux-Trembles"
843,1250000,5,3,778,2016,"H9C1W9","L'Île-Bizard–Sainte-Geneviève"
844,449000,5,1,594,1964,"H9A1C8","Pierrefonds-Roxboro"
845,675000,3,2,1804,1901,"H8S2N1","Lachine"
846,475000,3,1,556,1951,"H8T2M3","Lachine"
847,1089963,3,2,309,1875,"H2L2Y3","Ville-Marie"
848,347500,4,2,497,1987,"H1C1Y7","Rivière-des-Prairies–Pointe-aux-Trembles"
849,379900,3,1,563,1962,"H8Z2J7","Pierrefonds-Roxboro"
850,769000,5,3,970,2000,"H9C2Y6","L'Île-Bizard–Sainte-Geneviève"
851,1200000,5,2,1315,1959,"H1G1C3","Montréal-Nord"
852,529000,3,2,467,1950,"H3M2W3","Ahuntsic-Cartierville"
853,1295000,4,4,388,1957,"H4M1M6","Saint-Laurent"
854,272500,3,1,176,1980,"H1A3Z3","Rivière-des-Prairies–Pointe-aux-Trembles"
855,839000,4,2,372,1942,"H4L1A7","Saint-Laurent"
856,259000,2,2,633,1920,"H1A4S3","Rivière-des-Prairies–Pointe-aux-Trembles"
857,249000,2,1,145,1958,"H1G4P3","Montréal-Nord"
858,1145000,3,2,280,1922,"H3X2P1","Côte-des-Neiges–Notre-Dame-de-Grâce"
859,439000,3,1,325,1951,"H2A2H6","Villeray–Saint-Michel–Parc-Extension"
860,629000,4,2,520,1959,"H1K3X4","Anjou"
861,629000,5,2,366,1953,"H4M2C8","Saint-Laurent"
862,579000,4,2,864,1988,"H9C2V3","L'Île-Bizard–Sainte-Geneviève"
863,649900,5,2,465,1954,"H4M1W5","Saint-Laurent"
864,499900,4,1,320,1956,"H3N2K8","Villeray–Saint-Michel–Parc-Extension"
865,444900,3,1,515,1950,"H8Y2V2","Pierrefonds-Roxboro"
866,649000,3,1,443,1958,"H3M1X4","Ahuntsic-Cartierville"
867,539000,5,2,507,1986,"H1E6C9","Rivière-des-Prairies–Pointe-aux-Trembles"
868,399000,4,2,418,1960,"H1G1V9","Montréal-Nord"
869,549000,4,2,493,1959,"H4K1Z5","Saint-Laurent"
870,715000,3,1,348,1955,"H1T2L8","Rosemont–La Petite-Patrie"
871,337000,3,1,460,1973,"H1A2Z7","Rivière-des-Prairies–Pointe-aux-Trembles"
872,459000,3,2,387,1955,"H8P2X9","LaSalle"
873,399000,3,1,365,1915,"H8S3V8","Lachine"
874,529000,3,2,418,1965,"H1P1S7","Saint-Léonard"
875,310000,5,1,431,1960,"H1A2P8","Rivière-des-Prairies–Pointe-aux-Trembles"
876,898000,4,3,394,1971,"H4K2A8","Ahuntsic-Cartierville"
877,439000,4,2,567,1964,"H8Z1N1","Pierrefonds-Roxboro"
878,349000,2,2,208,1956,"H1E2B7","Rivière-des-Prairies–Pointe-aux-Trembles"
879,329900,3,1,470,1973,"H1A2Z5","Rivière-des-Prairies–Pointe-aux-Trembles"
880,449000,4,2,452,1948,"H4L3W5","Saint-Laurent"
881,429000,2,2,209,1954,"H1T1M4","Rosemont–La Petite-Patrie"
882,1262425.5,5,4,309,1875,"H2L2Y3","Ville-Marie"
883,524000,4,1,372,1947,"H4L3T2","Saint-Laurent"
884,399500,4,2,524,1979,"H1E2C5","Rivière-des-Prairies–Pointe-aux-Trembles"
885,599000,3,1,140,1885,"H3K2M1","Le Sud-Ouest"
886,286000,3,1,499,1989,"H1A3C6","Rivière-des-Prairies–Pointe-aux-Trembles"
887,399000,4,1,467,1957,"H9H2K5","Pierrefonds-Roxboro"
888,899000,5,2,758,1961,"H1K1L1","Anjou"
889,539900,3,2,180,1997,"H4N3G8","Ahuntsic-Cartierville"
890,467000,3,2,412,1983,"H1L4Z5","Mercier–Hochelaga-Maisonneuve"
891,449000,3,2,393,1930,"H8S1G6","Lachine"
892,325000,2,1,491,1973,"H1A1H9","Rivière-des-Prairies–Pointe-aux-Trembles"
893,264700,4,2,187,1970,"H1G1L9","Montréal-Nord"
894,429000,4,2,553,2000,"H9C1H7","L'Île-Bizard–Sainte-Geneviève"
895,639000,5,2,679,1959,"H1L1J4","Mercier–Hochelaga-Maisonneuve"
896,529000,3,1,380,1948,"H4H2N1","Verdun"
897,828000,4,2,377,1951,"H4B2L4","Côte-des-Neiges–Notre-Dame-de-Grâce"
898,534000,3,2,421,1986,"H1E5S5","Rivière-des-Prairies–Pointe-aux-Trembles"
899,289900,4,1,453,1945,"H1H5B6","Montréal-Nord"
900,1398000,3,1,148,1885,"H2W2B8","Le Plateau-Mont-Royal"
901,365000,5,1,532,1977,"H8Z3A7","Pierrefonds-Roxboro"
902,574000,4,1,459,1989,"H9J3V2","Pierrefonds-Roxboro"
903,599000,4,2,418,1950,"H2E2V4","Villeray–Saint-Michel–Parc-Extension"
904,370000,5,2,318,1941,"H8R1P4","Lachine"
905,409000,4,1,599,1962,"H8Z2E2","Pierrefonds-Roxboro"
906,379000,2,1,187,1920,"H4E2J2","Le Sud-Ouest"
907,449000,4,1,301,1975,"H1J1Z8","Anjou"
908,390000,3,1,260,1925,"H8T1Z5","Lachine"
909,399900,5,2,395,1956,"H1G5S7","Montréal-Nord"
910,569000,3,2,465,1975,"H1K2X2","Anjou"
911,1249900,6,1,259,1917,"H4A2Z3","Côte-des-Neiges–Notre-Dame-de-Grâce"
912,718900,4,2,322,1952,"H8P2N8","LaSalle"
913,1199000,5,2,266,1924,"H4A2Z7","Côte-des-Neiges–Notre-Dame-de-Grâce"
914,889000,6,4,615,1966,"H4K1A3","Ahuntsic-Cartierville"
915,649000,3,3,850,1984,"H1G6L3","Montréal-Nord"
916,479000,3,2,435,1947,"H4H2P1","Verdun"
917,349000,4,2,480,1956,"H1H2P1","Montréal-Nord"
918,419000,6,2,1070,1976,"H9C1L3","L'Île-Bizard–Sainte-Geneviève"
919,399000,2,1,287,1951,"H1N2X1","Mercier–Hochelaga-Maisonneuve"
920,359000,5,2,406,1973,"H1B3M6","Rivière-des-Prairies–Pointe-aux-Trembles"
921,529500,3,2,494,1959,"H1K3L7","Anjou"
922,699000,4,2,407,1951,"H2E2A9","Villeray–Saint-Michel–Parc-Extension"
923,1199000,5,2,369,1915,"H4A3N5","Côte-des-Neiges–Notre-Dame-de-Grâce"
924,359000,3,1,179,1977,"H9C1Y6","L'Île-Bizard–Sainte-Geneviève"
925,290000,3,2,589,1964,"H1E2G2","Rivière-des-Prairies–Pointe-aux-Trembles"
926,397700,3,1,176,1986,"H1E6W8","Rivière-des-Prairies–Pointe-aux-Trembles"
927,649000,2,1,126,1996,"H4R2R7","Saint-Laurent"
928,724000,2,1,234,1930,"H1W2S8","Rosemont–La Petite-Patrie"
929,649000,5,2,307,1985,"H8N2K8","LaSalle"
930,1299000,4,2,459,1915,"H4B2H2","Côte-des-Neiges–Notre-Dame-de-Grâce"
931,379000,3,1,199,1989,"H1K2V3","Anjou"
932,484500,3,2,670,1984,"H1K4X5","Anjou"
933,550000,5,2,1253,1975,"H9C1N7","L'Île-Bizard–Sainte-Geneviève"
934,399900,4,2,325,1985,"H9H4W5","Pierrefonds-Roxboro"
935,305000,3,3,446,1920,"H1H3Y9","Montréal-Nord"
936,688000,3,2,1108,1974,"H8Z2Y7","Pierrefonds-Roxboro"
937,419900,4,2,836,1966,"H9J1T6","Pierrefonds-Roxboro"
938,335000,4,2,462,1983,"H1C1W8","Rivière-des-Prairies–Pointe-aux-Trembles"
939,499900,3,1,372,1947,"H8T3B9","Lachine"
940,409000,4,1,605,1967,"H8Z1R6","Pierrefonds-Roxboro"
941,399000,5,2,277,1971,"H1G1Y4","Montréal-Nord"
942,499000,3,2,379,1953,"H1L6G2","Mercier–Hochelaga-Maisonneuve"
943,499000,3,1,385,2001,"H9K1P4","Pierrefonds-Roxboro"
944,359000,4,1,547,1962,"H8Z1V4","Pierrefonds-Roxboro"
945,430000,3,1,372,1957,"H1Z3N4","Villeray–Saint-Michel–Parc-Extension"
946,519000,3,2,316,1940,"H4L3J2","Saint-Laurent"
947,549900,3,1,322,1980,"H1K4M5","Mercier–Hochelaga-Maisonneuve"
948,389000,4,1,307,1950,"H1L5X4","Mercier–Hochelaga-Maisonneuve"
949,459000,3,2,978,1981,"H1C1K5","Rivière-des-Prairies–Pointe-aux-Trembles"
950,1049000,4,3,980,2002,"H8Y3R4","Pierrefonds-Roxboro"
951,649000,4,2,596,1987,"H9K1J3","Pierrefonds-Roxboro"
952,359000,3,1,186,1979,"H9C1Y9","L'Île-Bizard–Sainte-Geneviève"
953,930000,3,3,402,1930,"H1X1P3","Rosemont–La Petite-Patrie"
954,499000,2,1,856,1700,"H9H3A3","L'Île-Bizard–Sainte-Geneviève"
955,364000,4,2,561,1967,"H1B3G3","Rivière-des-Prairies–Pointe-aux-Trembles"
956,249000,2,1,235,1971,"H1G1M7","Montréal-Nord"
957,439000,3,1,303,1987,"H8Y3M1","Pierrefonds-Roxboro"
958,849000,3,2,226,1945,"H2M1V4","Ahuntsic-Cartierville"
959,639900,3,2,126,2002,"H4R3B1","Saint-Laurent"
960,365000,5,2,592,1960,"H8Z2B9","Pierrefonds-Roxboro"
961,569000,4,1,584,1939,"H8R1K1","Lachine"
962,575000,3,1,348,1949,"H3M2X5","Ahuntsic-Cartierville"
963,359000,2,1,644,1981,"H1A4A2","Rivière-des-Prairies–Pointe-aux-Trembles"
964,229900,3,1,168,1970,"H1B3B4","Rivière-des-Prairies–Pointe-aux-Trembles"
965,489000,4,2,628,1961,"H8Z1W2","Pierrefonds-Roxboro"
966,739000,4,2,392,1885,"H3K2M5","Le Sud-Ouest"
967,339000,3,2,209,1973,"H9H3P1","Pierrefonds-Roxboro"
968,549000,3,2,716,1957,"H1P2R1","Saint-Léonard"
969,329000,4,1,343,1963,"H1G2C7","Montréal-Nord"
970,469900,4,2,641,1959,"H9H2H5","Pierrefonds-Roxboro"
971,449900,4,2,521,1977,"H1E2B4","Rivière-des-Prairies–Pointe-aux-Trembles"
972,329000,3,1,223,1985,"H1E6C1","Rivière-des-Prairies–Pointe-aux-Trembles"
973,264900,3,1,487,1983,"H9C2J1","L'Île-Bizard–Sainte-Geneviève"
974,329000,2,2,409,1954,"H1G5C3","Montréal-Nord"
975,898000,2,1,82,1906,"H2V2G7","Outremont"
976,419900,3,1,280,1964,"H1K3T1","Anjou"
977,489900,4,2,367,1954,"H4L1G4","Saint-Laurent"
978,379000,3,2,590,1940,"H1B4H6","Rivière-des-Prairies–Pointe-aux-Trembles"
979,355000,3,2,413,1986,"H1A5A6","Rivière-des-Prairies–Pointe-aux-Trembles"
980,649000,6,2,598,1967,"H1P2P9","Saint-Léonard"
981,494900,4,2,422,1966,"H1H4S8","Montréal-Nord"
982,399000,3,1,238,1950,"H4L3W9","Saint-Laurent"
983,679800,3,1,181,1922,"H1Y2N1","Rosemont–La Petite-Patrie"
984,995000,5,4,813,1954,"H8Y2E5","Pierrefonds-Roxboro"
985,535000,4,3,348,1953,"H4L3S6","Saint-Laurent"
986,779000,5,3,897,1995,"H9E2S1","L'Île-Bizard–Sainte-Geneviève"
987,598000,4,2,632,1959,"H9H2L9","L'Île-Bizard–Sainte-Geneviève"
988,329000,3,2,728,1949,"H1A1Z4","Rivière-des-Prairies–Pointe-aux-Trembles"
989,575000,2,2,689,1910,"H4E1E2","Le Sud-Ouest"
990,699900,2,1,60,1923,"H2W2B6","Le Plateau-Mont-Royal"
991,339000,3,2,418,1965,"H1B3E4","Rivière-des-Prairies–Pointe-aux-Trembles"
992,379900,3,1,557,1957,"H9H2K1","Pierrefonds-Roxboro"
993,629000,5,3,871,1958,"H8Y1K3","Pierrefonds-Roxboro"
994,429900,3,2,457,1987,"H1L5G3","Rivière-des-Prairies–Pointe-aux-Trembles"
995,439000,3,1,272,1986,"H1E5S1","Rivière-des-Prairies–Pointe-aux-Trembles"
996,349000,3,2,434,1962,"H8Y1Z8","Pierrefonds-Roxboro"
997,329000,3,2,371,1955,"H1H3X1","Montréal-Nord"
998,427000,4,2,422,1961,"H8Y1Z7","Pierrefonds-Roxboro"
999,284500,4,2,150,1971,"H1G1M7","Montréal-Nord"
1000,569000,4,2,724,1958,"H9H2N9","Pierrefonds-Roxboro"
